"Profile","Id","Path","Slice Name","Alias(s)","Label","Min","Max","Must Support?","Is Modifier?","Is Summary?","Type(s)","Short","Definition","Comments","Requirements","Default Value","Meaning When Missing","Fixed Value","Pattern","Example","Minimum Value","Maximum Value","Maximum Length","Binding Strength","Binding Description","Binding Value Set","Code","Slicing Discriminator","Slicing Description","Slicing Ordered","Slicing Rules","Base Path","Base Min","Base Max","Condition(s)","Constraint(s)"
"GenericProduct","GenericProduct","GenericProduct","","","",0,*,"","","","null {[]} {[]}
","Generic Product","A Product represents a physical item or set of items which can be held in inventory, ordered, exchanged, dispensed or other utilized within the health system, clinical and supply chain workflows.","","","","","","","","","",,,,,"",,,,"Base",0,*,"",""
"GenericProduct","GenericProduct.identifier","GenericProduct.identifier","","","",0,*,"","","","Identifier {[]} {[]}
","Identifier for the product (e.g. SKUs, GTINs)","Identifier for the product (e.g. SKUs, GTINs)","","","","","","","","","",,,,,"",,,,"GenericProduct.identifier",0,*,"",""
"GenericProduct","GenericProduct.status","GenericProduct.status","","","",1,1,"","","","code {[]} {[]}
","Product status","The status of the product in the catalog e.g. 'active' 'inactive'","","","","","","","","","",,"extensible","","http://smart.who.int/pcmt/ValueSet/Status","",,,,"GenericProduct.status",1,1,"",""
"GenericProduct","GenericProduct.name","GenericProduct.name","","","",1,*,"","","","BackboneElement {[]} {[]}
","The name of the product","The name of the product","","","","","","","","","",,,,,"",,,,"GenericProduct.name",1,*,"","ele-1:All FHIR elements must have a @value or children {hasValue() or (children().count() > id.count())}
"
"GenericProduct","GenericProduct.name.id","GenericProduct.name.id","","","",0,1,"","","","string {[]} {[]}
","Unique id for inter-element referencing","Unique id for the element within a resource (for internal references). This may be any string value that does not contain spaces.","","","","","","","","","",,,,,"",,,,"Element.id",0,1,"",""
"GenericProduct","GenericProduct.name.extension","GenericProduct.name.extension","","extensions
user content","",0,*,"","","","Extension {[]} {[]}
","Additional content defined by implementations","May be used to represent additional information that is not part of the basic definition of the element. To make the use of extensions safe and manageable, there is a strict set of governance  applied to the definition and use of extensions. Though any implementer can define an extension, there is a set of requirements that SHALL be met as part of the definition of the extension.","There can be no stigma associated with the use of extensions by any application, project, or standard - regardless of the institution or jurisdiction that uses or defines the extensions.  The use of extensions is what allows the FHIR specification to retain a core level of simplicity for everyone.","","","","","","","","",,,,,"","value:url}
","Extensions are always sliced by (at least) url",,"open","Element.extension",0,*,"","ele-1:All FHIR elements must have a @value or children {hasValue() or (children().count() > id.count())}
ext-1:Must have either extensions or value[x], not both {extension.exists() != value.exists()}"
"GenericProduct","GenericProduct.name.modifierExtension","GenericProduct.name.modifierExtension","","extensions
user contentmodifiers","",0,*,"","Y","Y","Extension {[]} {[]}
","Extensions that cannot be ignored even if unrecognized","May be used to represent additional information that is not part of the basic definition of the element and that modifies the understanding of the element in which it is contained and/or the understanding of the containing element's descendants. Usually modifier elements provide negation or qualification. To make the use of extensions safe and manageable, there is a strict set of governance applied to the definition and use of extensions. Though any implementer can define an extension, there is a set of requirements that SHALL be met as part of the definition of the extension. Applications processing a resource are required to check for modifier extensions.

Modifier extensions SHALL NOT change the meaning of any elements on Resource or DomainResource (including cannot change the meaning of modifierExtension itself).","There can be no stigma associated with the use of extensions by any application, project, or standard - regardless of the institution or jurisdiction that uses or defines the extensions.  The use of extensions is what allows the FHIR specification to retain a core level of simplicity for everyone.","Modifier extensions allow for extensions that *cannot* be safely ignored to be clearly distinguished from the vast majority of extensions which can be safely ignored.  This promotes interoperability by eliminating the need for implementers to prohibit the presence of extensions. For further information, see the [definition of modifier extensions](http://hl7.org/fhir/R4/extensibility.html#modifierExtension).","","","","","","","",,,,,"",,,,"BackboneElement.modifierExtension",0,*,"","ele-1:All FHIR elements must have a @value or children {hasValue() or (children().count() > id.count())}
ext-1:Must have either extensions or value[x], not both {extension.exists() != value.exists()}"
"GenericProduct","GenericProduct.name.nameType","GenericProduct.name.nameType","","","",1,1,"","","","code {[]} {[]}
","The type of name e.g. 'official' or 'user-friendly'","The type of name e.g. 'official' or 'user-friendly'","","","","","","","","","",,"extensible","","http://smart.who.int/pcmt/ValueSet/NameType","",,,,"GenericProduct.name.nameType",1,1,"",""
"GenericProduct","GenericProduct.name.nameValue","GenericProduct.name.nameValue","","","",1,1,"","","","string {[]} {[]}
","The name of the product","The name of the product","","","","","","","","","",,,,,"",,,,"GenericProduct.name.nameValue",1,1,"",""
"GenericProduct","GenericProduct.description","GenericProduct.description","","","",0,1,"","","","string {[]} {[]}
","The description of the product","The description of the product","","","","","","","","","",,,,,"",,,,"GenericProduct.description",0,1,"",""
"GenericProduct","GenericProduct.classification","GenericProduct.classification","","","",0,*,"","","","CodeableConcept {[]} {[]}
","A categorization or classification of the product e.g. ICDS-11, ATC, WHODrug or others","A categorization or classification of the product e.g. ICDS-11, ATC, WHODrug or others","","","","","","","","","",,,,,"",,,,"GenericProduct.classification",0,*,"",""
"GenericProduct","GenericProduct.unitOfUse","GenericProduct.unitOfUse","","","",1,1,"","","","CodeableConcept {[]} {[]}
","The unit in which the generic product is used / counted","The unit in which the generic product is used / counted","","","","","","","","","",,,,,"",,,,"GenericProduct.unitOfUse",1,1,"",""
"GenericProduct","GenericProduct.dosageForm","GenericProduct.dosageForm","","","",0,1,"","","","CodeableConcept {[]} {[]}
","The physical form of the medication","The physical form of the medication","","","","","","","","","",,,,,"",,,,"GenericProduct.dosageForm",0,1,"",""
"GenericProduct","GenericProduct.strength","GenericProduct.strength","","","",0,1,"","","","Quantity {[CanonicalType[http://hl7.org/fhir/StructureDefinition/SimpleQuantity]]} {[]}
","The strength of the product e.g. 500 mg","The strength of the product e.g. 500 mg","","","","","","","","","",,,,,"",,,,"GenericProduct.strength",0,1,"",""
"GenericProduct","GenericProduct.routeOfAdministration","GenericProduct.routeOfAdministration","","","",0,*,"","","","CodeableConcept {[]} {[]}
","The route of administration of the medication","The route of administration of the medication","","","","","","","","","",,,,,"",,,,"GenericProduct.routeOfAdministration",0,*,"",""
"GenericProduct","GenericProduct.attribute","GenericProduct.attribute","","","",0,*,"","","","BackboneElement {[]} {[]}
","Attributes or characterisitics of the product","Attributes or characterisitics of the product","","","","","","","","","",,,,,"",,,,"GenericProduct.attribute",0,*,"","ele-1:All FHIR elements must have a @value or children {hasValue() or (children().count() > id.count())}
"
"GenericProduct","GenericProduct.attribute.id","GenericProduct.attribute.id","","","",0,1,"","","","string {[]} {[]}
","Unique id for inter-element referencing","Unique id for the element within a resource (for internal references). This may be any string value that does not contain spaces.","","","","","","","","","",,,,,"",,,,"Element.id",0,1,"",""
"GenericProduct","GenericProduct.attribute.extension","GenericProduct.attribute.extension","","extensions
user content","",0,*,"","","","Extension {[]} {[]}
","Additional content defined by implementations","May be used to represent additional information that is not part of the basic definition of the element. To make the use of extensions safe and manageable, there is a strict set of governance  applied to the definition and use of extensions. Though any implementer can define an extension, there is a set of requirements that SHALL be met as part of the definition of the extension.","There can be no stigma associated with the use of extensions by any application, project, or standard - regardless of the institution or jurisdiction that uses or defines the extensions.  The use of extensions is what allows the FHIR specification to retain a core level of simplicity for everyone.","","","","","","","","",,,,,"","value:url}
","Extensions are always sliced by (at least) url",,"open","Element.extension",0,*,"","ele-1:All FHIR elements must have a @value or children {hasValue() or (children().count() > id.count())}
ext-1:Must have either extensions or value[x], not both {extension.exists() != value.exists()}"
"GenericProduct","GenericProduct.attribute.modifierExtension","GenericProduct.attribute.modifierExtension","","extensions
user contentmodifiers","",0,*,"","Y","Y","Extension {[]} {[]}
","Extensions that cannot be ignored even if unrecognized","May be used to represent additional information that is not part of the basic definition of the element and that modifies the understanding of the element in which it is contained and/or the understanding of the containing element's descendants. Usually modifier elements provide negation or qualification. To make the use of extensions safe and manageable, there is a strict set of governance applied to the definition and use of extensions. Though any implementer can define an extension, there is a set of requirements that SHALL be met as part of the definition of the extension. Applications processing a resource are required to check for modifier extensions.

Modifier extensions SHALL NOT change the meaning of any elements on Resource or DomainResource (including cannot change the meaning of modifierExtension itself).","There can be no stigma associated with the use of extensions by any application, project, or standard - regardless of the institution or jurisdiction that uses or defines the extensions.  The use of extensions is what allows the FHIR specification to retain a core level of simplicity for everyone.","Modifier extensions allow for extensions that *cannot* be safely ignored to be clearly distinguished from the vast majority of extensions which can be safely ignored.  This promotes interoperability by eliminating the need for implementers to prohibit the presence of extensions. For further information, see the [definition of modifier extensions](http://hl7.org/fhir/R4/extensibility.html#modifierExtension).","","","","","","","",,,,,"",,,,"BackboneElement.modifierExtension",0,*,"","ele-1:All FHIR elements must have a @value or children {hasValue() or (children().count() > id.count())}
ext-1:Must have either extensions or value[x], not both {extension.exists() != value.exists()}"
"GenericProduct","GenericProduct.attribute.type","GenericProduct.attribute.type","","","",1,1,"","","","CodeableConcept {[]} {[]}
","The attribute type (e.g. a physcial dimension)","The attribute type (e.g. a physcial dimension)","","","","","","","","","",,"extensible","","http://smart.who.int/pcmt/ValueSet/AttributeType","",,,,"GenericProduct.attribute.type",1,1,"",""
"GenericProduct","GenericProduct.attribute.value[x]","GenericProduct.attribute.value[x]","","","",1,1,"","","","string {[]} {[]}
integer {[]} {[]}decimal {[]} {[]}boolean {[]} {[]}url {[]} {[]}dateTime {[]} {[]}Range {[]} {[]}Ratio {[]} {[]}Annotation {[]} {[]}Address {[]} {[]}Duration {[]} {[]}CodeableConcept {[]} {[]}","The value of the attribute","The value of the attribute","","","","","","","","","",,,,,"",,,,"GenericProduct.attribute.value[x]",1,1,"",""
"MedicationCatalogItem","MedicationKnowledge","MedicationKnowledge","","","",0,*,"","","","null {[]} {[]}
","Definition of Medication Knowledge","Information about a medication that is used to support knowledge.","","","","","","","","","",,,,,"",,,,"MedicationKnowledge",0,*,"","dom-2:If the resource is contained in another resource, it SHALL NOT contain nested Resources {contained.contained.empty()}
dom-3:If the resource is contained in another resource, it SHALL be referred to from elsewhere in the resource or SHALL refer to the containing resource {contained.where((('#'+id in (%resource.descendants().reference | %resource.descendants().as(canonical) | %resource.descendants().as(uri) | %resource.descendants().as(url))) or descendants().where(reference = '#').exists() or descendants().where(as(canonical) = '#').exists() or descendants().where(as(canonical) = '#').exists()).not()).trace('unmatched', id).empty()}dom-4:If a resource is contained in another resource, it SHALL NOT have a meta.versionId or a meta.lastUpdated {contained.meta.versionId.empty() and contained.meta.lastUpdated.empty()}dom-5:If a resource is contained in another resource, it SHALL NOT have a security label {contained.meta.security.empty()}dom-6:A resource should have narrative for robust management {text.`div`.exists()}"
"MedicationCatalogItem","MedicationKnowledge.id","MedicationKnowledge.id","","","",0,1,"","","Y","id {[]} {[]}
","Logical id of this artifact","The logical id of the resource, as used in the URL for the resource. Once assigned, this value never changes.","The only time that a resource does not have an id is when it is being submitted to the server using a create operation.","","","","","","","","",,,,,"",,,,"Resource.id",0,1,"",""
"MedicationCatalogItem","MedicationKnowledge.meta","MedicationKnowledge.meta","","","",0,1,"","","Y","Meta {[]} {[]}
","Metadata about the resource","The metadata about the resource. This is content that is maintained by the infrastructure. Changes to the content might not always be associated with version changes to the resource.","","","","","","","","","",,,,,"",,,,"Resource.meta",0,1,"","ele-1:All FHIR elements must have a @value or children {hasValue() or (children().count() > id.count())}
"
"MedicationCatalogItem","MedicationKnowledge.implicitRules","MedicationKnowledge.implicitRules","","","",0,1,"","Y","Y","uri {[]} {[]}
","A set of rules under which this content was created","A reference to a set of rules that were followed when the resource was constructed, and which must be understood when processing the content. Often, this is a reference to an implementation guide that defines the special rules along with other profiles etc.","Asserting this rule set restricts the content to be only understood by a limited set of trading partners. This inherently limits the usefulness of the data in the long term. However, the existing health eco-system is highly fractured, and not yet ready to define, collect, and exchange data in a generally computable sense. Wherever possible, implementers and/or specification writers should avoid using this element. Often, when used, the URL is a reference to an implementation guide that defines these special rules as part of it's narrative along with other profiles, value sets, etc.","","","","","","","","",,,,,"",,,,"Resource.implicitRules",0,1,"","ele-1:All FHIR elements must have a @value or children {hasValue() or (children().count() > id.count())}
"
"MedicationCatalogItem","MedicationKnowledge.language","MedicationKnowledge.language","","","",0,1,"","","","code {[]} {[]}
","Language of the resource content","The base language in which the resource is written.","Language is provided to support indexing and accessibility (typically, services such as text to speech use the language tag). The html language tag in the narrative applies  to the narrative. The language tag on the resource may be used to specify the language of other presentations generated from the data in the resource. Not all the content has to be in the base language. The Resource.language should not be assumed to apply to the narrative automatically. If a language is specified, it should it also be specified on the div element in the html (see rules in HTML5 for information about the relationship between xml:lang and the html lang attribute).","","","","","","","","",,"preferred","A human language.","http://hl7.org/fhir/ValueSet/languages","",,,,"Resource.language",0,1,"","ele-1:All FHIR elements must have a @value or children {hasValue() or (children().count() > id.count())}
"
"MedicationCatalogItem","MedicationKnowledge.text","MedicationKnowledge.text","","narrative
htmlxhtmldisplay","",0,1,"","","","Narrative {[]} {[]}
","Text summary of the resource, for human interpretation","A human-readable narrative that contains a summary of the resource and can be used to represent the content of the resource to a human. The narrative need not encode all the structured data, but is required to contain sufficient detail to make it ""clinically safe"" for a human to just read the narrative. Resource definitions may define what content should be represented in the narrative to ensure clinical safety.","Contained resources do not have narrative. Resources that are not contained SHOULD have a narrative. In some cases, a resource may only have text with little or no additional discrete data (as long as all minOccurs=1 elements are satisfied).  This may be necessary for data from legacy systems where information is captured as a ""text blob"" or where text is additionally entered raw or narrated and encoded information is added later.","","","","","","","","",,,,,"",,,,"DomainResource.text",0,1,"","ele-1:All FHIR elements must have a @value or children {hasValue() or (children().count() > id.count())}
"
"MedicationCatalogItem","MedicationKnowledge.contained","MedicationKnowledge.contained","","inline resources
anonymous resourcescontained resources","",0,*,"","","","Resource {[]} {[]}
","Contained, inline Resources","These resources do not have an independent existence apart from the resource that contains them - they cannot be identified independently, and nor can they have their own independent transaction scope.","This should never be done when the content can be identified properly, as once identification is lost, it is extremely difficult (and context dependent) to restore it again. Contained resources may have profiles and tags In their meta elements, but SHALL NOT have security labels.","","","","","","","","",,,,,"",,,,"DomainResource.contained",0,*,"",""
"MedicationCatalogItem","MedicationKnowledge.extension","MedicationKnowledge.extension","","","",1,*,"","","","Extension {[]} {[]}
","Extension","An Extension","","","","","","","","","",,,,,"","value:url}
","",,"open","DomainResource.extension",0,*,"","ele-1:All FHIR elements must have a @value or children {hasValue() or (children().count() > id.count())}
ext-1:Must have either extensions or value[x], not both {extension.exists() != value.exists()}"
"MedicationCatalogItem","MedicationKnowledge.extension:productID","MedicationKnowledge.extension","productID","","",1,1,"Y","","","Extension {[CanonicalType[http://smart.who.int/pcmt/StructureDefinition/ProductID]]} {[]}
","Extension","The business identifier of a  product in a product catalogue.

In FHIR R6, this could also be a reference to an InventoryItem","","","","","","","","","",,,,,"",,,,"DomainResource.extension",0,*,"ele-1
","ele-1:All FHIR elements must have a @value or children {hasValue() or (children().count() > id.count())}
ext-1:Must have either extensions or value[x], not both {extension.exists() != value.exists()}has-a-product-id-code:Ensure there is a product id code. A more robust expression is needed here.  Intended to be called on (a collection) of ProductId extensions. //to do: better expresssion: valueCoding or valueReference exists and meets the requisite profiles, etc. {exists()}"
"MedicationCatalogItem","MedicationKnowledge.modifierExtension","MedicationKnowledge.modifierExtension","","extensions
user content","",0,*,"","Y","","Extension {[]} {[]}
","Extensions that cannot be ignored","May be used to represent additional information that is not part of the basic definition of the resource and that modifies the understanding of the element that contains it and/or the understanding of the containing element's descendants. Usually modifier elements provide negation or qualification. To make the use of extensions safe and manageable, there is a strict set of governance applied to the definition and use of extensions. Though any implementer is allowed to define an extension, there is a set of requirements that SHALL be met as part of the definition of the extension. Applications processing a resource are required to check for modifier extensions.

Modifier extensions SHALL NOT change the meaning of any elements on Resource or DomainResource (including cannot change the meaning of modifierExtension itself).","There can be no stigma associated with the use of extensions by any application, project, or standard - regardless of the institution or jurisdiction that uses or defines the extensions.  The use of extensions is what allows the FHIR specification to retain a core level of simplicity for everyone.","Modifier extensions allow for extensions that *cannot* be safely ignored to be clearly distinguished from the vast majority of extensions which can be safely ignored.  This promotes interoperability by eliminating the need for implementers to prohibit the presence of extensions. For further information, see the [definition of modifier extensions](http://hl7.org/fhir/R4/extensibility.html#modifierExtension).","","","","","","","",,,,,"",,,,"DomainResource.modifierExtension",0,*,"","ele-1:All FHIR elements must have a @value or children {hasValue() or (children().count() > id.count())}
ext-1:Must have either extensions or value[x], not both {extension.exists() != value.exists()}"
"MedicationCatalogItem","MedicationKnowledge.code","MedicationKnowledge.code","","","",0,1,"","","Y","CodeableConcept {[]} {[]}
","Code that identifies this medication","A code that specifies this medication, or a textual description if no code is available. Usage note: This could be a standard medication code such as a code from RxNorm, SNOMED CT, IDMP etc. It could also be a national or local formulary code, optionally with translations to other code systems.","Depending on the context of use, the code that was actually selected by the user (prescriber, dispenser, etc.) will have the coding.userSelected set to true.  As described in the coding datatype: ""A coding may be marked as a ""userSelected"" if a user selected the particular coded value in a user interface (e.g. the user selects an item in a pick-list). If a user selected coding exists, it is the preferred choice for performing translations etc. Other codes can only be literal translations to alternative code systems, or codes at a lower level of granularity (e.g. a generic code for a vendor-specific primary one).","","","","","","","","",,"example","A coded concept that defines the type of a medication.","http://hl7.org/fhir/ValueSet/medication-codes","",,,,"MedicationKnowledge.code",0,1,"","ele-1:All FHIR elements must have a @value or children {hasValue() or (children().count() > id.count())}
"
"MedicationCatalogItem","MedicationKnowledge.status","MedicationKnowledge.status","","","",0,1,"","Y","Y","code {[]} {[]}
","active | inactive | entered-in-error","A code to indicate if the medication is in active use.  The status refers to the validity about the information of the medication and not to its medicinal properties.","This status is intended to identify if the medication in a local system is in active use within a drug database or inventory.  For example, a pharmacy system may create a new drug file record for a compounded product ""ABC Hospital Special Cream"" with an active status.  At some point in the future, it may be determined that the drug record was created with an error and the status is changed to ""entered in error"".   This status is not intended to specify if a medication is part of a particular formulary.  It is possible that the drug record may be referenced by multiple formularies or catalogues and each of those entries would have a separate status.","","","","","","","","",,"required","A coded concept defining if the medication is in active use.","http://hl7.org/fhir/ValueSet/medicationknowledge-status|4.0.1","",,,,"MedicationKnowledge.status",0,1,"","ele-1:All FHIR elements must have a @value or children {hasValue() or (children().count() > id.count())}
"
"MedicationCatalogItem","MedicationKnowledge.manufacturer","MedicationKnowledge.manufacturer","","","",0,1,"","","Y","Reference {[]} {[CanonicalType[http://hl7.org/fhir/StructureDefinition/Organization]]}
","Manufacturer of the item","Describes the details of the manufacturer of the medication product.  This is not intended to represent the distributor of a medication product.","","","","","","","","","",,,,,"",,,,"MedicationKnowledge.manufacturer",0,1,"","ele-1:All FHIR elements must have a @value or children {hasValue() or (children().count() > id.count())}
"
"MedicationCatalogItem","MedicationKnowledge.doseForm","MedicationKnowledge.doseForm","","","",0,1,"","","","CodeableConcept {[]} {[]}
","powder | tablets | capsule +","Describes the form of the item.  Powder; tablets; capsule.","When Medication is referenced from MedicationRequest, this is the ordered form.  When Medication is referenced within MedicationDispense, this is the dispensed form.  When Medication is referenced within MedicationAdministration, this is administered form.","","","","","","","","",,"example","A coded concept defining the form of a medication.","http://hl7.org/fhir/ValueSet/medication-form-codes","",,,,"MedicationKnowledge.doseForm",0,1,"","ele-1:All FHIR elements must have a @value or children {hasValue() or (children().count() > id.count())}
"
"MedicationCatalogItem","MedicationKnowledge.amount","MedicationKnowledge.amount","","","",0,1,"","","Y","Quantity {[CanonicalType[http://hl7.org/fhir/StructureDefinition/SimpleQuantity]]} {[]}
","Amount of drug in package","Specific amount of the drug in the packaged product.  For example, when specifying a product that has the same strength (For example, Insulin glargine 100 unit per mL solution for injection), this attribute provides additional clarification of the package amount (For example, 3 mL, 10mL, etc.).","This is the quantity of medication in a package.  To specify the strength of the medication, the Ingredient.strength attribute is used.","","","","","","","","",,,,,"",,,,"MedicationKnowledge.amount",0,1,"","ele-1:All FHIR elements must have a @value or children {hasValue() or (children().count() > id.count())}
"
"MedicationCatalogItem","MedicationKnowledge.synonym","MedicationKnowledge.synonym","","","",0,*,"","","Y","string {[]} {[]}
","Additional names for a medication","Additional names for a medication, for example, the name(s) given to a medication in different countries.  For example, acetaminophen and paracetamol or salbutamol and albuterol.","","","","","","","","","",,,,,"",,,,"MedicationKnowledge.synonym",0,*,"","ele-1:All FHIR elements must have a @value or children {hasValue() or (children().count() > id.count())}
"
"MedicationCatalogItem","MedicationKnowledge.relatedMedicationKnowledge","MedicationKnowledge.relatedMedicationKnowledge","","","",0,*,"","","","BackboneElement {[]} {[]}
","Associated or related medication information","Associated or related knowledge about a medication.","","","","","","","","","",,,,,"",,,,"MedicationKnowledge.relatedMedicationKnowledge",0,*,"","ele-1:All FHIR elements must have a @value or children {hasValue() or (children().count() > id.count())}
"
"MedicationCatalogItem","MedicationKnowledge.relatedMedicationKnowledge.id","MedicationKnowledge.relatedMedicationKnowledge.id","","","",0,1,"","","","string {[]} {[]}
","Unique id for inter-element referencing","Unique id for the element within a resource (for internal references). This may be any string value that does not contain spaces.","","","","","","","","","",,,,,"",,,,"Element.id",0,1,"",""
"MedicationCatalogItem","MedicationKnowledge.relatedMedicationKnowledge.extension","MedicationKnowledge.relatedMedicationKnowledge.extension","","extensions
user content","",0,*,"","","","Extension {[]} {[]}
","Additional content defined by implementations","May be used to represent additional information that is not part of the basic definition of the element. To make the use of extensions safe and manageable, there is a strict set of governance  applied to the definition and use of extensions. Though any implementer can define an extension, there is a set of requirements that SHALL be met as part of the definition of the extension.","There can be no stigma associated with the use of extensions by any application, project, or standard - regardless of the institution or jurisdiction that uses or defines the extensions.  The use of extensions is what allows the FHIR specification to retain a core level of simplicity for everyone.","","","","","","","","",,,,,"",,,,"Element.extension",0,*,"","ele-1:All FHIR elements must have a @value or children {hasValue() or (children().count() > id.count())}
ext-1:Must have either extensions or value[x], not both {extension.exists() != value.exists()}"
"MedicationCatalogItem","MedicationKnowledge.relatedMedicationKnowledge.modifierExtension","MedicationKnowledge.relatedMedicationKnowledge.modifierExtension","","extensions
user contentmodifiers","",0,*,"","Y","Y","Extension {[]} {[]}
","Extensions that cannot be ignored even if unrecognized","May be used to represent additional information that is not part of the basic definition of the element and that modifies the understanding of the element in which it is contained and/or the understanding of the containing element's descendants. Usually modifier elements provide negation or qualification. To make the use of extensions safe and manageable, there is a strict set of governance applied to the definition and use of extensions. Though any implementer can define an extension, there is a set of requirements that SHALL be met as part of the definition of the extension. Applications processing a resource are required to check for modifier extensions.

Modifier extensions SHALL NOT change the meaning of any elements on Resource or DomainResource (including cannot change the meaning of modifierExtension itself).","There can be no stigma associated with the use of extensions by any application, project, or standard - regardless of the institution or jurisdiction that uses or defines the extensions.  The use of extensions is what allows the FHIR specification to retain a core level of simplicity for everyone.","Modifier extensions allow for extensions that *cannot* be safely ignored to be clearly distinguished from the vast majority of extensions which can be safely ignored.  This promotes interoperability by eliminating the need for implementers to prohibit the presence of extensions. For further information, see the [definition of modifier extensions](http://hl7.org/fhir/R4/extensibility.html#modifierExtension).","","","","","","","",,,,,"",,,,"BackboneElement.modifierExtension",0,*,"","ele-1:All FHIR elements must have a @value or children {hasValue() or (children().count() > id.count())}
ext-1:Must have either extensions or value[x], not both {extension.exists() != value.exists()}"
"MedicationCatalogItem","MedicationKnowledge.relatedMedicationKnowledge.type","MedicationKnowledge.relatedMedicationKnowledge.type","","","",1,1,"","","","CodeableConcept {[]} {[]}
","Category of medicationKnowledge","The category of the associated medication knowledge reference.","","","","","","","","","",,,,,"",,,,"MedicationKnowledge.relatedMedicationKnowledge.type",1,1,"","ele-1:All FHIR elements must have a @value or children {hasValue() or (children().count() > id.count())}
"
"MedicationCatalogItem","MedicationKnowledge.relatedMedicationKnowledge.reference","MedicationKnowledge.relatedMedicationKnowledge.reference","","","",1,*,"","","","Reference {[]} {[CanonicalType[http://hl7.org/fhir/StructureDefinition/MedicationKnowledge]]}
","Associated documentation about the associated medication knowledge","Associated documentation about the associated medication knowledge.","","","","","","","","","",,,,,"",,,,"MedicationKnowledge.relatedMedicationKnowledge.reference",1,*,"","ele-1:All FHIR elements must have a @value or children {hasValue() or (children().count() > id.count())}
"
"MedicationCatalogItem","MedicationKnowledge.associatedMedication","MedicationKnowledge.associatedMedication","","","",0,*,"","","","Reference {[]} {[CanonicalType[http://hl7.org/fhir/StructureDefinition/Medication]]}
","A medication resource that is associated with this medication","Associated or related medications.  For example, if the medication is a branded product (e.g. Crestor), this is the Therapeutic Moeity (e.g. Rosuvastatin) or if this is a generic medication (e.g. Rosuvastatin), this would link to a branded product (e.g. Crestor).","","","","","","","","","",,,,,"",,,,"MedicationKnowledge.associatedMedication",0,*,"","ele-1:All FHIR elements must have a @value or children {hasValue() or (children().count() > id.count())}
"
"MedicationCatalogItem","MedicationKnowledge.productType","MedicationKnowledge.productType","","","",0,*,"","","","CodeableConcept {[]} {[]}
","Category of the medication or product","Category of the medication or product (e.g. branded product, therapeutic moeity, generic product, innovator product, etc.).","","","","","","","","","",,,,,"",,,,"MedicationKnowledge.productType",0,*,"","ele-1:All FHIR elements must have a @value or children {hasValue() or (children().count() > id.count())}
"
"MedicationCatalogItem","MedicationKnowledge.monograph","MedicationKnowledge.monograph","","","",0,*,"","","","BackboneElement {[]} {[]}
","Associated documentation about the medication","Associated documentation about the medication.","","","","","","","","","",,,,,"",,,,"MedicationKnowledge.monograph",0,*,"","ele-1:All FHIR elements must have a @value or children {hasValue() or (children().count() > id.count())}
"
"MedicationCatalogItem","MedicationKnowledge.monograph.id","MedicationKnowledge.monograph.id","","","",0,1,"","","","string {[]} {[]}
","Unique id for inter-element referencing","Unique id for the element within a resource (for internal references). This may be any string value that does not contain spaces.","","","","","","","","","",,,,,"",,,,"Element.id",0,1,"",""
"MedicationCatalogItem","MedicationKnowledge.monograph.extension","MedicationKnowledge.monograph.extension","","extensions
user content","",0,*,"","","","Extension {[]} {[]}
","Additional content defined by implementations","May be used to represent additional information that is not part of the basic definition of the element. To make the use of extensions safe and manageable, there is a strict set of governance  applied to the definition and use of extensions. Though any implementer can define an extension, there is a set of requirements that SHALL be met as part of the definition of the extension.","There can be no stigma associated with the use of extensions by any application, project, or standard - regardless of the institution or jurisdiction that uses or defines the extensions.  The use of extensions is what allows the FHIR specification to retain a core level of simplicity for everyone.","","","","","","","","",,,,,"",,,,"Element.extension",0,*,"","ele-1:All FHIR elements must have a @value or children {hasValue() or (children().count() > id.count())}
ext-1:Must have either extensions or value[x], not both {extension.exists() != value.exists()}"
"MedicationCatalogItem","MedicationKnowledge.monograph.modifierExtension","MedicationKnowledge.monograph.modifierExtension","","extensions
user contentmodifiers","",0,*,"","Y","Y","Extension {[]} {[]}
","Extensions that cannot be ignored even if unrecognized","May be used to represent additional information that is not part of the basic definition of the element and that modifies the understanding of the element in which it is contained and/or the understanding of the containing element's descendants. Usually modifier elements provide negation or qualification. To make the use of extensions safe and manageable, there is a strict set of governance applied to the definition and use of extensions. Though any implementer can define an extension, there is a set of requirements that SHALL be met as part of the definition of the extension. Applications processing a resource are required to check for modifier extensions.

Modifier extensions SHALL NOT change the meaning of any elements on Resource or DomainResource (including cannot change the meaning of modifierExtension itself).","There can be no stigma associated with the use of extensions by any application, project, or standard - regardless of the institution or jurisdiction that uses or defines the extensions.  The use of extensions is what allows the FHIR specification to retain a core level of simplicity for everyone.","Modifier extensions allow for extensions that *cannot* be safely ignored to be clearly distinguished from the vast majority of extensions which can be safely ignored.  This promotes interoperability by eliminating the need for implementers to prohibit the presence of extensions. For further information, see the [definition of modifier extensions](http://hl7.org/fhir/R4/extensibility.html#modifierExtension).","","","","","","","",,,,,"",,,,"BackboneElement.modifierExtension",0,*,"","ele-1:All FHIR elements must have a @value or children {hasValue() or (children().count() > id.count())}
ext-1:Must have either extensions or value[x], not both {extension.exists() != value.exists()}"
"MedicationCatalogItem","MedicationKnowledge.monograph.type","MedicationKnowledge.monograph.type","","","",0,1,"","","","CodeableConcept {[]} {[]}
","The category of medication document","The category of documentation about the medication. (e.g. professional monograph, patient education monograph).","","","","","","","","","",,,,,"",,,,"MedicationKnowledge.monograph.type",0,1,"","ele-1:All FHIR elements must have a @value or children {hasValue() or (children().count() > id.count())}
"
"MedicationCatalogItem","MedicationKnowledge.monograph.source","MedicationKnowledge.monograph.source","","","",0,1,"","","","Reference {[]} {[CanonicalType[http://hl7.org/fhir/StructureDefinition/DocumentReference], CanonicalType[http://hl7.org/fhir/StructureDefinition/Media]]}
","Associated documentation about the medication","Associated documentation about the medication.","","","","","","","","","",,,,,"",,,,"MedicationKnowledge.monograph.source",0,1,"","ele-1:All FHIR elements must have a @value or children {hasValue() or (children().count() > id.count())}
"
"MedicationCatalogItem","MedicationKnowledge.ingredient","MedicationKnowledge.ingredient","","","",0,*,"","","","BackboneElement {[]} {[]}
","Active or inactive ingredient","Identifies a particular constituent of interest in the product.","","","","","","","","","",,,,,"",,,,"MedicationKnowledge.ingredient",0,*,"","ele-1:All FHIR elements must have a @value or children {hasValue() or (children().count() > id.count())}
"
"MedicationCatalogItem","MedicationKnowledge.ingredient.id","MedicationKnowledge.ingredient.id","","","",0,1,"","","","string {[]} {[]}
","Unique id for inter-element referencing","Unique id for the element within a resource (for internal references). This may be any string value that does not contain spaces.","","","","","","","","","",,,,,"",,,,"Element.id",0,1,"",""
"MedicationCatalogItem","MedicationKnowledge.ingredient.extension","MedicationKnowledge.ingredient.extension","","extensions
user content","",0,*,"","","","Extension {[]} {[]}
","Additional content defined by implementations","May be used to represent additional information that is not part of the basic definition of the element. To make the use of extensions safe and manageable, there is a strict set of governance  applied to the definition and use of extensions. Though any implementer can define an extension, there is a set of requirements that SHALL be met as part of the definition of the extension.","There can be no stigma associated with the use of extensions by any application, project, or standard - regardless of the institution or jurisdiction that uses or defines the extensions.  The use of extensions is what allows the FHIR specification to retain a core level of simplicity for everyone.","","","","","","","","",,,,,"",,,,"Element.extension",0,*,"","ele-1:All FHIR elements must have a @value or children {hasValue() or (children().count() > id.count())}
ext-1:Must have either extensions or value[x], not both {extension.exists() != value.exists()}"
"MedicationCatalogItem","MedicationKnowledge.ingredient.modifierExtension","MedicationKnowledge.ingredient.modifierExtension","","extensions
user contentmodifiers","",0,*,"","Y","Y","Extension {[]} {[]}
","Extensions that cannot be ignored even if unrecognized","May be used to represent additional information that is not part of the basic definition of the element and that modifies the understanding of the element in which it is contained and/or the understanding of the containing element's descendants. Usually modifier elements provide negation or qualification. To make the use of extensions safe and manageable, there is a strict set of governance applied to the definition and use of extensions. Though any implementer can define an extension, there is a set of requirements that SHALL be met as part of the definition of the extension. Applications processing a resource are required to check for modifier extensions.

Modifier extensions SHALL NOT change the meaning of any elements on Resource or DomainResource (including cannot change the meaning of modifierExtension itself).","There can be no stigma associated with the use of extensions by any application, project, or standard - regardless of the institution or jurisdiction that uses or defines the extensions.  The use of extensions is what allows the FHIR specification to retain a core level of simplicity for everyone.","Modifier extensions allow for extensions that *cannot* be safely ignored to be clearly distinguished from the vast majority of extensions which can be safely ignored.  This promotes interoperability by eliminating the need for implementers to prohibit the presence of extensions. For further information, see the [definition of modifier extensions](http://hl7.org/fhir/R4/extensibility.html#modifierExtension).","","","","","","","",,,,,"",,,,"BackboneElement.modifierExtension",0,*,"","ele-1:All FHIR elements must have a @value or children {hasValue() or (children().count() > id.count())}
ext-1:Must have either extensions or value[x], not both {extension.exists() != value.exists()}"
"MedicationCatalogItem","MedicationKnowledge.ingredient.item[x]","MedicationKnowledge.ingredient.item[x]","","","",1,1,"","","","CodeableConcept {[]} {[]}
Reference {[]} {[CanonicalType[http://hl7.org/fhir/StructureDefinition/Substance]]}","Medication(s) or substance(s) contained in the medication","The actual ingredient - either a substance (simple ingredient) or another medication.","","","","","","","","","",,,,,"",,,,"MedicationKnowledge.ingredient.item[x]",1,1,"","ele-1:All FHIR elements must have a @value or children {hasValue() or (children().count() > id.count())}
"
"MedicationCatalogItem","MedicationKnowledge.ingredient.isActive","MedicationKnowledge.ingredient.isActive","","","",0,1,"","","","boolean {[]} {[]}
","Active ingredient indicator","Indication of whether this ingredient affects the therapeutic action of the drug.","","True indicates that the ingredient affects the therapeutic action of the drug (i.e. active). False indicates that the ingredient does not affect the therapeutic action of the drug (i.e. inactive).","","","","","","","",,,,,"",,,,"MedicationKnowledge.ingredient.isActive",0,1,"","ele-1:All FHIR elements must have a @value or children {hasValue() or (children().count() > id.count())}
"
"MedicationCatalogItem","MedicationKnowledge.ingredient.strength","MedicationKnowledge.ingredient.strength","","","",0,1,"","","","Ratio {[]} {[]}
","Quantity of ingredient present","Specifies how many (or how much) of the items there are in this Medication.  For example, 250 mg per tablet.  This is expressed as a ratio where the numerator is 250mg and the denominator is 1 tablet.","","","","","","","","","",,,,,"",,,,"MedicationKnowledge.ingredient.strength",0,1,"","ele-1:All FHIR elements must have a @value or children {hasValue() or (children().count() > id.count())}
"
"MedicationCatalogItem","MedicationKnowledge.preparationInstruction","MedicationKnowledge.preparationInstruction","","","",0,1,"","","","markdown {[]} {[]}
","The instructions for preparing the medication","The instructions for preparing the medication.","","","","","","","","","",,,,,"",,,,"MedicationKnowledge.preparationInstruction",0,1,"","ele-1:All FHIR elements must have a @value or children {hasValue() or (children().count() > id.count())}
"
"MedicationCatalogItem","MedicationKnowledge.intendedRoute","MedicationKnowledge.intendedRoute","","","",0,*,"","","","CodeableConcept {[]} {[]}
","The intended or approved route of administration","The intended or approved route of administration.","","","","","","","","","",,"example","A coded concept defining the intended route of administration.","http://hl7.org/fhir/ValueSet/route-codes","",,,,"MedicationKnowledge.intendedRoute",0,*,"","ele-1:All FHIR elements must have a @value or children {hasValue() or (children().count() > id.count())}
"
"MedicationCatalogItem","MedicationKnowledge.cost","MedicationKnowledge.cost","","","",0,*,"","","","BackboneElement {[]} {[]}
","The pricing of the medication","The price of the medication.","","","","","","","","","",,,,,"",,,,"MedicationKnowledge.cost",0,*,"","ele-1:All FHIR elements must have a @value or children {hasValue() or (children().count() > id.count())}
"
"MedicationCatalogItem","MedicationKnowledge.cost.id","MedicationKnowledge.cost.id","","","",0,1,"","","","string {[]} {[]}
","Unique id for inter-element referencing","Unique id for the element within a resource (for internal references). This may be any string value that does not contain spaces.","","","","","","","","","",,,,,"",,,,"Element.id",0,1,"",""
"MedicationCatalogItem","MedicationKnowledge.cost.extension","MedicationKnowledge.cost.extension","","extensions
user content","",0,*,"","","","Extension {[]} {[]}
","Additional content defined by implementations","May be used to represent additional information that is not part of the basic definition of the element. To make the use of extensions safe and manageable, there is a strict set of governance  applied to the definition and use of extensions. Though any implementer can define an extension, there is a set of requirements that SHALL be met as part of the definition of the extension.","There can be no stigma associated with the use of extensions by any application, project, or standard - regardless of the institution or jurisdiction that uses or defines the extensions.  The use of extensions is what allows the FHIR specification to retain a core level of simplicity for everyone.","","","","","","","","",,,,,"",,,,"Element.extension",0,*,"","ele-1:All FHIR elements must have a @value or children {hasValue() or (children().count() > id.count())}
ext-1:Must have either extensions or value[x], not both {extension.exists() != value.exists()}"
"MedicationCatalogItem","MedicationKnowledge.cost.modifierExtension","MedicationKnowledge.cost.modifierExtension","","extensions
user contentmodifiers","",0,*,"","Y","Y","Extension {[]} {[]}
","Extensions that cannot be ignored even if unrecognized","May be used to represent additional information that is not part of the basic definition of the element and that modifies the understanding of the element in which it is contained and/or the understanding of the containing element's descendants. Usually modifier elements provide negation or qualification. To make the use of extensions safe and manageable, there is a strict set of governance applied to the definition and use of extensions. Though any implementer can define an extension, there is a set of requirements that SHALL be met as part of the definition of the extension. Applications processing a resource are required to check for modifier extensions.

Modifier extensions SHALL NOT change the meaning of any elements on Resource or DomainResource (including cannot change the meaning of modifierExtension itself).","There can be no stigma associated with the use of extensions by any application, project, or standard - regardless of the institution or jurisdiction that uses or defines the extensions.  The use of extensions is what allows the FHIR specification to retain a core level of simplicity for everyone.","Modifier extensions allow for extensions that *cannot* be safely ignored to be clearly distinguished from the vast majority of extensions which can be safely ignored.  This promotes interoperability by eliminating the need for implementers to prohibit the presence of extensions. For further information, see the [definition of modifier extensions](http://hl7.org/fhir/R4/extensibility.html#modifierExtension).","","","","","","","",,,,,"",,,,"BackboneElement.modifierExtension",0,*,"","ele-1:All FHIR elements must have a @value or children {hasValue() or (children().count() > id.count())}
ext-1:Must have either extensions or value[x], not both {extension.exists() != value.exists()}"
"MedicationCatalogItem","MedicationKnowledge.cost.type","MedicationKnowledge.cost.type","","","",1,1,"","","","CodeableConcept {[]} {[]}
","The category of the cost information","The category of the cost information.  For example, manufacturers' cost, patient cost, claim reimbursement cost, actual acquisition cost.","","","","","","","","","",,,,,"",,,,"MedicationKnowledge.cost.type",1,1,"","ele-1:All FHIR elements must have a @value or children {hasValue() or (children().count() > id.count())}
"
"MedicationCatalogItem","MedicationKnowledge.cost.source","MedicationKnowledge.cost.source","","","",0,1,"","","","string {[]} {[]}
","The source or owner for the price information","The source or owner that assigns the price to the medication.","","","","","","","","","",,,,,"",,,,"MedicationKnowledge.cost.source",0,1,"","ele-1:All FHIR elements must have a @value or children {hasValue() or (children().count() > id.count())}
"
"MedicationCatalogItem","MedicationKnowledge.cost.cost","MedicationKnowledge.cost.cost","","","",1,1,"","","","Money {[]} {[]}
","The price of the medication","The price of the medication.","","","","","","","","","",,,,,"",,,,"MedicationKnowledge.cost.cost",1,1,"","ele-1:All FHIR elements must have a @value or children {hasValue() or (children().count() > id.count())}
"
"MedicationCatalogItem","MedicationKnowledge.monitoringProgram","MedicationKnowledge.monitoringProgram","","","",0,*,"","","","BackboneElement {[]} {[]}
","Program under which a medication is reviewed","The program under which the medication is reviewed.","","","","","","","","","",,,,,"",,,,"MedicationKnowledge.monitoringProgram",0,*,"","ele-1:All FHIR elements must have a @value or children {hasValue() or (children().count() > id.count())}
"
"MedicationCatalogItem","MedicationKnowledge.monitoringProgram.id","MedicationKnowledge.monitoringProgram.id","","","",0,1,"","","","string {[]} {[]}
","Unique id for inter-element referencing","Unique id for the element within a resource (for internal references). This may be any string value that does not contain spaces.","","","","","","","","","",,,,,"",,,,"Element.id",0,1,"",""
"MedicationCatalogItem","MedicationKnowledge.monitoringProgram.extension","MedicationKnowledge.monitoringProgram.extension","","extensions
user content","",0,*,"","","","Extension {[]} {[]}
","Additional content defined by implementations","May be used to represent additional information that is not part of the basic definition of the element. To make the use of extensions safe and manageable, there is a strict set of governance  applied to the definition and use of extensions. Though any implementer can define an extension, there is a set of requirements that SHALL be met as part of the definition of the extension.","There can be no stigma associated with the use of extensions by any application, project, or standard - regardless of the institution or jurisdiction that uses or defines the extensions.  The use of extensions is what allows the FHIR specification to retain a core level of simplicity for everyone.","","","","","","","","",,,,,"",,,,"Element.extension",0,*,"","ele-1:All FHIR elements must have a @value or children {hasValue() or (children().count() > id.count())}
ext-1:Must have either extensions or value[x], not both {extension.exists() != value.exists()}"
"MedicationCatalogItem","MedicationKnowledge.monitoringProgram.modifierExtension","MedicationKnowledge.monitoringProgram.modifierExtension","","extensions
user contentmodifiers","",0,*,"","Y","Y","Extension {[]} {[]}
","Extensions that cannot be ignored even if unrecognized","May be used to represent additional information that is not part of the basic definition of the element and that modifies the understanding of the element in which it is contained and/or the understanding of the containing element's descendants. Usually modifier elements provide negation or qualification. To make the use of extensions safe and manageable, there is a strict set of governance applied to the definition and use of extensions. Though any implementer can define an extension, there is a set of requirements that SHALL be met as part of the definition of the extension. Applications processing a resource are required to check for modifier extensions.

Modifier extensions SHALL NOT change the meaning of any elements on Resource or DomainResource (including cannot change the meaning of modifierExtension itself).","There can be no stigma associated with the use of extensions by any application, project, or standard - regardless of the institution or jurisdiction that uses or defines the extensions.  The use of extensions is what allows the FHIR specification to retain a core level of simplicity for everyone.","Modifier extensions allow for extensions that *cannot* be safely ignored to be clearly distinguished from the vast majority of extensions which can be safely ignored.  This promotes interoperability by eliminating the need for implementers to prohibit the presence of extensions. For further information, see the [definition of modifier extensions](http://hl7.org/fhir/R4/extensibility.html#modifierExtension).","","","","","","","",,,,,"",,,,"BackboneElement.modifierExtension",0,*,"","ele-1:All FHIR elements must have a @value or children {hasValue() or (children().count() > id.count())}
ext-1:Must have either extensions or value[x], not both {extension.exists() != value.exists()}"
"MedicationCatalogItem","MedicationKnowledge.monitoringProgram.type","MedicationKnowledge.monitoringProgram.type","","","",0,1,"","","","CodeableConcept {[]} {[]}
","Type of program under which the medication is monitored","Type of program under which the medication is monitored.","","","","","","","","","",,,,,"",,,,"MedicationKnowledge.monitoringProgram.type",0,1,"","ele-1:All FHIR elements must have a @value or children {hasValue() or (children().count() > id.count())}
"
"MedicationCatalogItem","MedicationKnowledge.monitoringProgram.name","MedicationKnowledge.monitoringProgram.name","","","",0,1,"","","","string {[]} {[]}
","Name of the reviewing program","Name of the reviewing program.","","","","","","","","","",,,,,"",,,,"MedicationKnowledge.monitoringProgram.name",0,1,"","ele-1:All FHIR elements must have a @value or children {hasValue() or (children().count() > id.count())}
"
"MedicationCatalogItem","MedicationKnowledge.administrationGuidelines","MedicationKnowledge.administrationGuidelines","","","",0,*,"","","","BackboneElement {[]} {[]}
","Guidelines for administration of the medication","Guidelines for the administration of the medication.","","","","","","","","","",,,,,"",,,,"MedicationKnowledge.administrationGuidelines",0,*,"","ele-1:All FHIR elements must have a @value or children {hasValue() or (children().count() > id.count())}
"
"MedicationCatalogItem","MedicationKnowledge.administrationGuidelines.id","MedicationKnowledge.administrationGuidelines.id","","","",0,1,"","","","string {[]} {[]}
","Unique id for inter-element referencing","Unique id for the element within a resource (for internal references). This may be any string value that does not contain spaces.","","","","","","","","","",,,,,"",,,,"Element.id",0,1,"",""
"MedicationCatalogItem","MedicationKnowledge.administrationGuidelines.extension","MedicationKnowledge.administrationGuidelines.extension","","extensions
user content","",0,*,"","","","Extension {[]} {[]}
","Additional content defined by implementations","May be used to represent additional information that is not part of the basic definition of the element. To make the use of extensions safe and manageable, there is a strict set of governance  applied to the definition and use of extensions. Though any implementer can define an extension, there is a set of requirements that SHALL be met as part of the definition of the extension.","There can be no stigma associated with the use of extensions by any application, project, or standard - regardless of the institution or jurisdiction that uses or defines the extensions.  The use of extensions is what allows the FHIR specification to retain a core level of simplicity for everyone.","","","","","","","","",,,,,"",,,,"Element.extension",0,*,"","ele-1:All FHIR elements must have a @value or children {hasValue() or (children().count() > id.count())}
ext-1:Must have either extensions or value[x], not both {extension.exists() != value.exists()}"
"MedicationCatalogItem","MedicationKnowledge.administrationGuidelines.modifierExtension","MedicationKnowledge.administrationGuidelines.modifierExtension","","extensions
user contentmodifiers","",0,*,"","Y","Y","Extension {[]} {[]}
","Extensions that cannot be ignored even if unrecognized","May be used to represent additional information that is not part of the basic definition of the element and that modifies the understanding of the element in which it is contained and/or the understanding of the containing element's descendants. Usually modifier elements provide negation or qualification. To make the use of extensions safe and manageable, there is a strict set of governance applied to the definition and use of extensions. Though any implementer can define an extension, there is a set of requirements that SHALL be met as part of the definition of the extension. Applications processing a resource are required to check for modifier extensions.

Modifier extensions SHALL NOT change the meaning of any elements on Resource or DomainResource (including cannot change the meaning of modifierExtension itself).","There can be no stigma associated with the use of extensions by any application, project, or standard - regardless of the institution or jurisdiction that uses or defines the extensions.  The use of extensions is what allows the FHIR specification to retain a core level of simplicity for everyone.","Modifier extensions allow for extensions that *cannot* be safely ignored to be clearly distinguished from the vast majority of extensions which can be safely ignored.  This promotes interoperability by eliminating the need for implementers to prohibit the presence of extensions. For further information, see the [definition of modifier extensions](http://hl7.org/fhir/R4/extensibility.html#modifierExtension).","","","","","","","",,,,,"",,,,"BackboneElement.modifierExtension",0,*,"","ele-1:All FHIR elements must have a @value or children {hasValue() or (children().count() > id.count())}
ext-1:Must have either extensions or value[x], not both {extension.exists() != value.exists()}"
"MedicationCatalogItem","MedicationKnowledge.administrationGuidelines.dosage","MedicationKnowledge.administrationGuidelines.dosage","","","",0,*,"","","","BackboneElement {[]} {[]}
","Dosage for the medication for the specific guidelines","Dosage for the medication for the specific guidelines.","","","","","","","","","",,,,,"",,,,"MedicationKnowledge.administrationGuidelines.dosage",0,*,"","ele-1:All FHIR elements must have a @value or children {hasValue() or (children().count() > id.count())}
"
"MedicationCatalogItem","MedicationKnowledge.administrationGuidelines.dosage.id","MedicationKnowledge.administrationGuidelines.dosage.id","","","",0,1,"","","","string {[]} {[]}
","Unique id for inter-element referencing","Unique id for the element within a resource (for internal references). This may be any string value that does not contain spaces.","","","","","","","","","",,,,,"",,,,"Element.id",0,1,"",""
"MedicationCatalogItem","MedicationKnowledge.administrationGuidelines.dosage.extension","MedicationKnowledge.administrationGuidelines.dosage.extension","","extensions
user content","",0,*,"","","","Extension {[]} {[]}
","Additional content defined by implementations","May be used to represent additional information that is not part of the basic definition of the element. To make the use of extensions safe and manageable, there is a strict set of governance  applied to the definition and use of extensions. Though any implementer can define an extension, there is a set of requirements that SHALL be met as part of the definition of the extension.","There can be no stigma associated with the use of extensions by any application, project, or standard - regardless of the institution or jurisdiction that uses or defines the extensions.  The use of extensions is what allows the FHIR specification to retain a core level of simplicity for everyone.","","","","","","","","",,,,,"",,,,"Element.extension",0,*,"","ele-1:All FHIR elements must have a @value or children {hasValue() or (children().count() > id.count())}
ext-1:Must have either extensions or value[x], not both {extension.exists() != value.exists()}"
"MedicationCatalogItem","MedicationKnowledge.administrationGuidelines.dosage.modifierExtension","MedicationKnowledge.administrationGuidelines.dosage.modifierExtension","","extensions
user contentmodifiers","",0,*,"","Y","Y","Extension {[]} {[]}
","Extensions that cannot be ignored even if unrecognized","May be used to represent additional information that is not part of the basic definition of the element and that modifies the understanding of the element in which it is contained and/or the understanding of the containing element's descendants. Usually modifier elements provide negation or qualification. To make the use of extensions safe and manageable, there is a strict set of governance applied to the definition and use of extensions. Though any implementer can define an extension, there is a set of requirements that SHALL be met as part of the definition of the extension. Applications processing a resource are required to check for modifier extensions.

Modifier extensions SHALL NOT change the meaning of any elements on Resource or DomainResource (including cannot change the meaning of modifierExtension itself).","There can be no stigma associated with the use of extensions by any application, project, or standard - regardless of the institution or jurisdiction that uses or defines the extensions.  The use of extensions is what allows the FHIR specification to retain a core level of simplicity for everyone.","Modifier extensions allow for extensions that *cannot* be safely ignored to be clearly distinguished from the vast majority of extensions which can be safely ignored.  This promotes interoperability by eliminating the need for implementers to prohibit the presence of extensions. For further information, see the [definition of modifier extensions](http://hl7.org/fhir/R4/extensibility.html#modifierExtension).","","","","","","","",,,,,"",,,,"BackboneElement.modifierExtension",0,*,"","ele-1:All FHIR elements must have a @value or children {hasValue() or (children().count() > id.count())}
ext-1:Must have either extensions or value[x], not both {extension.exists() != value.exists()}"
"MedicationCatalogItem","MedicationKnowledge.administrationGuidelines.dosage.type","MedicationKnowledge.administrationGuidelines.dosage.type","","","",1,1,"","","","CodeableConcept {[]} {[]}
","Type of dosage","The type of dosage (for example, prophylaxis, maintenance, therapeutic, etc.).","","","","","","","","","",,,,,"",,,,"MedicationKnowledge.administrationGuidelines.dosage.type",1,1,"","ele-1:All FHIR elements must have a @value or children {hasValue() or (children().count() > id.count())}
"
"MedicationCatalogItem","MedicationKnowledge.administrationGuidelines.dosage.dosage","MedicationKnowledge.administrationGuidelines.dosage.dosage","","","",1,*,"","","","Dosage {[]} {[]}
","Dosage for the medication for the specific guidelines","Dosage for the medication for the specific guidelines.","","","","","","","","","",,,,,"",,,,"MedicationKnowledge.administrationGuidelines.dosage.dosage",1,*,"","ele-1:All FHIR elements must have a @value or children {hasValue() or (children().count() > id.count())}
"
"MedicationCatalogItem","MedicationKnowledge.administrationGuidelines.indication[x]","MedicationKnowledge.administrationGuidelines.indication[x]","","","",0,1,"","","","CodeableConcept {[]} {[]}
Reference {[]} {[CanonicalType[http://hl7.org/fhir/StructureDefinition/ObservationDefinition]]}","Indication for use that apply to the specific administration guidelines","Indication for use that apply to the specific administration guidelines.","","","","","","","","","",,,,,"",,,,"MedicationKnowledge.administrationGuidelines.indication[x]",0,1,"","ele-1:All FHIR elements must have a @value or children {hasValue() or (children().count() > id.count())}
"
"MedicationCatalogItem","MedicationKnowledge.administrationGuidelines.patientCharacteristics","MedicationKnowledge.administrationGuidelines.patientCharacteristics","","","",0,*,"","","","BackboneElement {[]} {[]}
","Characteristics of the patient that are relevant to the administration guidelines","Characteristics of the patient that are relevant to the administration guidelines (for example, height, weight, gender, etc.).","","","","","","","","","",,,,,"",,,,"MedicationKnowledge.administrationGuidelines.patientCharacteristics",0,*,"","ele-1:All FHIR elements must have a @value or children {hasValue() or (children().count() > id.count())}
"
"MedicationCatalogItem","MedicationKnowledge.administrationGuidelines.patientCharacteristics.id","MedicationKnowledge.administrationGuidelines.patientCharacteristics.id","","","",0,1,"","","","string {[]} {[]}
","Unique id for inter-element referencing","Unique id for the element within a resource (for internal references). This may be any string value that does not contain spaces.","","","","","","","","","",,,,,"",,,,"Element.id",0,1,"",""
"MedicationCatalogItem","MedicationKnowledge.administrationGuidelines.patientCharacteristics.extension","MedicationKnowledge.administrationGuidelines.patientCharacteristics.extension","","extensions
user content","",0,*,"","","","Extension {[]} {[]}
","Additional content defined by implementations","May be used to represent additional information that is not part of the basic definition of the element. To make the use of extensions safe and manageable, there is a strict set of governance  applied to the definition and use of extensions. Though any implementer can define an extension, there is a set of requirements that SHALL be met as part of the definition of the extension.","There can be no stigma associated with the use of extensions by any application, project, or standard - regardless of the institution or jurisdiction that uses or defines the extensions.  The use of extensions is what allows the FHIR specification to retain a core level of simplicity for everyone.","","","","","","","","",,,,,"",,,,"Element.extension",0,*,"","ele-1:All FHIR elements must have a @value or children {hasValue() or (children().count() > id.count())}
ext-1:Must have either extensions or value[x], not both {extension.exists() != value.exists()}"
"MedicationCatalogItem","MedicationKnowledge.administrationGuidelines.patientCharacteristics.modifierExtension","MedicationKnowledge.administrationGuidelines.patientCharacteristics.modifierExtension","","extensions
user contentmodifiers","",0,*,"","Y","Y","Extension {[]} {[]}
","Extensions that cannot be ignored even if unrecognized","May be used to represent additional information that is not part of the basic definition of the element and that modifies the understanding of the element in which it is contained and/or the understanding of the containing element's descendants. Usually modifier elements provide negation or qualification. To make the use of extensions safe and manageable, there is a strict set of governance applied to the definition and use of extensions. Though any implementer can define an extension, there is a set of requirements that SHALL be met as part of the definition of the extension. Applications processing a resource are required to check for modifier extensions.

Modifier extensions SHALL NOT change the meaning of any elements on Resource or DomainResource (including cannot change the meaning of modifierExtension itself).","There can be no stigma associated with the use of extensions by any application, project, or standard - regardless of the institution or jurisdiction that uses or defines the extensions.  The use of extensions is what allows the FHIR specification to retain a core level of simplicity for everyone.","Modifier extensions allow for extensions that *cannot* be safely ignored to be clearly distinguished from the vast majority of extensions which can be safely ignored.  This promotes interoperability by eliminating the need for implementers to prohibit the presence of extensions. For further information, see the [definition of modifier extensions](http://hl7.org/fhir/R4/extensibility.html#modifierExtension).","","","","","","","",,,,,"",,,,"BackboneElement.modifierExtension",0,*,"","ele-1:All FHIR elements must have a @value or children {hasValue() or (children().count() > id.count())}
ext-1:Must have either extensions or value[x], not both {extension.exists() != value.exists()}"
"MedicationCatalogItem","MedicationKnowledge.administrationGuidelines.patientCharacteristics.characteristic[x]","MedicationKnowledge.administrationGuidelines.patientCharacteristics.characteristic[x]","","","",1,1,"","","","CodeableConcept {[]} {[]}
Quantity {[CanonicalType[http://hl7.org/fhir/StructureDefinition/SimpleQuantity]]} {[]}","Specific characteristic that is relevant to the administration guideline","Specific characteristic that is relevant to the administration guideline (e.g. height, weight, gender).","","","","","","","","","",,,,,"",,,,"MedicationKnowledge.administrationGuidelines.patientCharacteristics.characteristic[x]",1,1,"","ele-1:All FHIR elements must have a @value or children {hasValue() or (children().count() > id.count())}
"
"MedicationCatalogItem","MedicationKnowledge.administrationGuidelines.patientCharacteristics.value","MedicationKnowledge.administrationGuidelines.patientCharacteristics.value","","","",0,*,"","","","string {[]} {[]}
","The specific characteristic","The specific characteristic (e.g. height, weight, gender, etc.).","","","","","","","","","",,,,,"",,,,"MedicationKnowledge.administrationGuidelines.patientCharacteristics.value",0,*,"","ele-1:All FHIR elements must have a @value or children {hasValue() or (children().count() > id.count())}
"
"MedicationCatalogItem","MedicationKnowledge.medicineClassification","MedicationKnowledge.medicineClassification","","","",0,*,"","","","BackboneElement {[]} {[]}
","Categorization of the medication within a formulary or classification system","Categorization of the medication within a formulary or classification system.","","","","","","","","","",,,,,"",,,,"MedicationKnowledge.medicineClassification",0,*,"","ele-1:All FHIR elements must have a @value or children {hasValue() or (children().count() > id.count())}
"
"MedicationCatalogItem","MedicationKnowledge.medicineClassification.id","MedicationKnowledge.medicineClassification.id","","","",0,1,"","","","string {[]} {[]}
","Unique id for inter-element referencing","Unique id for the element within a resource (for internal references). This may be any string value that does not contain spaces.","","","","","","","","","",,,,,"",,,,"Element.id",0,1,"",""
"MedicationCatalogItem","MedicationKnowledge.medicineClassification.extension","MedicationKnowledge.medicineClassification.extension","","extensions
user content","",0,*,"","","","Extension {[]} {[]}
","Additional content defined by implementations","May be used to represent additional information that is not part of the basic definition of the element. To make the use of extensions safe and manageable, there is a strict set of governance  applied to the definition and use of extensions. Though any implementer can define an extension, there is a set of requirements that SHALL be met as part of the definition of the extension.","There can be no stigma associated with the use of extensions by any application, project, or standard - regardless of the institution or jurisdiction that uses or defines the extensions.  The use of extensions is what allows the FHIR specification to retain a core level of simplicity for everyone.","","","","","","","","",,,,,"",,,,"Element.extension",0,*,"","ele-1:All FHIR elements must have a @value or children {hasValue() or (children().count() > id.count())}
ext-1:Must have either extensions or value[x], not both {extension.exists() != value.exists()}"
"MedicationCatalogItem","MedicationKnowledge.medicineClassification.modifierExtension","MedicationKnowledge.medicineClassification.modifierExtension","","extensions
user contentmodifiers","",0,*,"","Y","Y","Extension {[]} {[]}
","Extensions that cannot be ignored even if unrecognized","May be used to represent additional information that is not part of the basic definition of the element and that modifies the understanding of the element in which it is contained and/or the understanding of the containing element's descendants. Usually modifier elements provide negation or qualification. To make the use of extensions safe and manageable, there is a strict set of governance applied to the definition and use of extensions. Though any implementer can define an extension, there is a set of requirements that SHALL be met as part of the definition of the extension. Applications processing a resource are required to check for modifier extensions.

Modifier extensions SHALL NOT change the meaning of any elements on Resource or DomainResource (including cannot change the meaning of modifierExtension itself).","There can be no stigma associated with the use of extensions by any application, project, or standard - regardless of the institution or jurisdiction that uses or defines the extensions.  The use of extensions is what allows the FHIR specification to retain a core level of simplicity for everyone.","Modifier extensions allow for extensions that *cannot* be safely ignored to be clearly distinguished from the vast majority of extensions which can be safely ignored.  This promotes interoperability by eliminating the need for implementers to prohibit the presence of extensions. For further information, see the [definition of modifier extensions](http://hl7.org/fhir/R4/extensibility.html#modifierExtension).","","","","","","","",,,,,"",,,,"BackboneElement.modifierExtension",0,*,"","ele-1:All FHIR elements must have a @value or children {hasValue() or (children().count() > id.count())}
ext-1:Must have either extensions or value[x], not both {extension.exists() != value.exists()}"
"MedicationCatalogItem","MedicationKnowledge.medicineClassification.type","MedicationKnowledge.medicineClassification.type","","","",1,1,"","","","CodeableConcept {[]} {[]}
","The type of category for the medication (for example, therapeutic classification, therapeutic sub-classification)","The type of category for the medication (for example, therapeutic classification, therapeutic sub-classification).","","","","","","","","","",,,,,"",,,,"MedicationKnowledge.medicineClassification.type",1,1,"","ele-1:All FHIR elements must have a @value or children {hasValue() or (children().count() > id.count())}
"
"MedicationCatalogItem","MedicationKnowledge.medicineClassification.classification","MedicationKnowledge.medicineClassification.classification","","","",0,*,"","","","CodeableConcept {[]} {[]}
","Specific category assigned to the medication","Specific category assigned to the medication (e.g. anti-infective, anti-hypertensive, antibiotic, etc.).","","","","","","","","","",,,,,"",,,,"MedicationKnowledge.medicineClassification.classification",0,*,"","ele-1:All FHIR elements must have a @value or children {hasValue() or (children().count() > id.count())}
"
"MedicationCatalogItem","MedicationKnowledge.packaging","MedicationKnowledge.packaging","","","",0,1,"","","","BackboneElement {[]} {[]}
","Details about packaged medications","Information that only applies to packages (not products).","","","","","","","","","",,,,,"",,,,"MedicationKnowledge.packaging",0,1,"","ele-1:All FHIR elements must have a @value or children {hasValue() or (children().count() > id.count())}
"
"MedicationCatalogItem","MedicationKnowledge.packaging.id","MedicationKnowledge.packaging.id","","","",0,1,"","","","string {[]} {[]}
","Unique id for inter-element referencing","Unique id for the element within a resource (for internal references). This may be any string value that does not contain spaces.","","","","","","","","","",,,,,"",,,,"Element.id",0,1,"",""
"MedicationCatalogItem","MedicationKnowledge.packaging.extension","MedicationKnowledge.packaging.extension","","extensions
user content","",0,*,"","","","Extension {[]} {[]}
","Additional content defined by implementations","May be used to represent additional information that is not part of the basic definition of the element. To make the use of extensions safe and manageable, there is a strict set of governance  applied to the definition and use of extensions. Though any implementer can define an extension, there is a set of requirements that SHALL be met as part of the definition of the extension.","There can be no stigma associated with the use of extensions by any application, project, or standard - regardless of the institution or jurisdiction that uses or defines the extensions.  The use of extensions is what allows the FHIR specification to retain a core level of simplicity for everyone.","","","","","","","","",,,,,"",,,,"Element.extension",0,*,"","ele-1:All FHIR elements must have a @value or children {hasValue() or (children().count() > id.count())}
ext-1:Must have either extensions or value[x], not both {extension.exists() != value.exists()}"
"MedicationCatalogItem","MedicationKnowledge.packaging.modifierExtension","MedicationKnowledge.packaging.modifierExtension","","extensions
user contentmodifiers","",0,*,"","Y","Y","Extension {[]} {[]}
","Extensions that cannot be ignored even if unrecognized","May be used to represent additional information that is not part of the basic definition of the element and that modifies the understanding of the element in which it is contained and/or the understanding of the containing element's descendants. Usually modifier elements provide negation or qualification. To make the use of extensions safe and manageable, there is a strict set of governance applied to the definition and use of extensions. Though any implementer can define an extension, there is a set of requirements that SHALL be met as part of the definition of the extension. Applications processing a resource are required to check for modifier extensions.

Modifier extensions SHALL NOT change the meaning of any elements on Resource or DomainResource (including cannot change the meaning of modifierExtension itself).","There can be no stigma associated with the use of extensions by any application, project, or standard - regardless of the institution or jurisdiction that uses or defines the extensions.  The use of extensions is what allows the FHIR specification to retain a core level of simplicity for everyone.","Modifier extensions allow for extensions that *cannot* be safely ignored to be clearly distinguished from the vast majority of extensions which can be safely ignored.  This promotes interoperability by eliminating the need for implementers to prohibit the presence of extensions. For further information, see the [definition of modifier extensions](http://hl7.org/fhir/R4/extensibility.html#modifierExtension).","","","","","","","",,,,,"",,,,"BackboneElement.modifierExtension",0,*,"","ele-1:All FHIR elements must have a @value or children {hasValue() or (children().count() > id.count())}
ext-1:Must have either extensions or value[x], not both {extension.exists() != value.exists()}"
"MedicationCatalogItem","MedicationKnowledge.packaging.type","MedicationKnowledge.packaging.type","","","",0,1,"","","","CodeableConcept {[]} {[]}
","A code that defines the specific type of packaging that the medication can be found in","A code that defines the specific type of packaging that the medication can be found in (e.g. blister sleeve, tube, bottle).","","","","","","","","","",,"example","A coded concept defining the type of packaging of a medication.","http://hl7.org/fhir/ValueSet/medicationknowledge-package-type","",,,,"MedicationKnowledge.packaging.type",0,1,"","ele-1:All FHIR elements must have a @value or children {hasValue() or (children().count() > id.count())}
"
"MedicationCatalogItem","MedicationKnowledge.packaging.quantity","MedicationKnowledge.packaging.quantity","","","",0,1,"","","","Quantity {[CanonicalType[http://hl7.org/fhir/StructureDefinition/SimpleQuantity]]} {[]}
","The number of product units the package would contain if fully loaded","The number of product units the package would contain if fully loaded.","","","","","","","","","",,,,,"",,,,"MedicationKnowledge.packaging.quantity",0,1,"","ele-1:All FHIR elements must have a @value or children {hasValue() or (children().count() > id.count())}
"
"MedicationCatalogItem","MedicationKnowledge.drugCharacteristic","MedicationKnowledge.drugCharacteristic","","","",0,*,"","","","BackboneElement {[]} {[]}
","Specifies descriptive properties of the medicine","Specifies descriptive properties of the medicine, such as color, shape, imprints, etc.","","","","","","","","","",,,,,"",,,,"MedicationKnowledge.drugCharacteristic",0,*,"","ele-1:All FHIR elements must have a @value or children {hasValue() or (children().count() > id.count())}
"
"MedicationCatalogItem","MedicationKnowledge.drugCharacteristic.id","MedicationKnowledge.drugCharacteristic.id","","","",0,1,"","","","string {[]} {[]}
","Unique id for inter-element referencing","Unique id for the element within a resource (for internal references). This may be any string value that does not contain spaces.","","","","","","","","","",,,,,"",,,,"Element.id",0,1,"",""
"MedicationCatalogItem","MedicationKnowledge.drugCharacteristic.extension","MedicationKnowledge.drugCharacteristic.extension","","extensions
user content","",0,*,"","","","Extension {[]} {[]}
","Additional content defined by implementations","May be used to represent additional information that is not part of the basic definition of the element. To make the use of extensions safe and manageable, there is a strict set of governance  applied to the definition and use of extensions. Though any implementer can define an extension, there is a set of requirements that SHALL be met as part of the definition of the extension.","There can be no stigma associated with the use of extensions by any application, project, or standard - regardless of the institution or jurisdiction that uses or defines the extensions.  The use of extensions is what allows the FHIR specification to retain a core level of simplicity for everyone.","","","","","","","","",,,,,"",,,,"Element.extension",0,*,"","ele-1:All FHIR elements must have a @value or children {hasValue() or (children().count() > id.count())}
ext-1:Must have either extensions or value[x], not both {extension.exists() != value.exists()}"
"MedicationCatalogItem","MedicationKnowledge.drugCharacteristic.modifierExtension","MedicationKnowledge.drugCharacteristic.modifierExtension","","extensions
user contentmodifiers","",0,*,"","Y","Y","Extension {[]} {[]}
","Extensions that cannot be ignored even if unrecognized","May be used to represent additional information that is not part of the basic definition of the element and that modifies the understanding of the element in which it is contained and/or the understanding of the containing element's descendants. Usually modifier elements provide negation or qualification. To make the use of extensions safe and manageable, there is a strict set of governance applied to the definition and use of extensions. Though any implementer can define an extension, there is a set of requirements that SHALL be met as part of the definition of the extension. Applications processing a resource are required to check for modifier extensions.

Modifier extensions SHALL NOT change the meaning of any elements on Resource or DomainResource (including cannot change the meaning of modifierExtension itself).","There can be no stigma associated with the use of extensions by any application, project, or standard - regardless of the institution or jurisdiction that uses or defines the extensions.  The use of extensions is what allows the FHIR specification to retain a core level of simplicity for everyone.","Modifier extensions allow for extensions that *cannot* be safely ignored to be clearly distinguished from the vast majority of extensions which can be safely ignored.  This promotes interoperability by eliminating the need for implementers to prohibit the presence of extensions. For further information, see the [definition of modifier extensions](http://hl7.org/fhir/R4/extensibility.html#modifierExtension).","","","","","","","",,,,,"",,,,"BackboneElement.modifierExtension",0,*,"","ele-1:All FHIR elements must have a @value or children {hasValue() or (children().count() > id.count())}
ext-1:Must have either extensions or value[x], not both {extension.exists() != value.exists()}"
"MedicationCatalogItem","MedicationKnowledge.drugCharacteristic.type","MedicationKnowledge.drugCharacteristic.type","","","",0,1,"","","","CodeableConcept {[]} {[]}
","Code specifying the type of characteristic of medication","A code specifying which characteristic of the medicine is being described (for example, colour, shape, imprint).","","","","","","","","","",,"example","A coded concept defining the characteristic types of a medication.","http://hl7.org/fhir/ValueSet/medicationknowledge-characteristic","",,,,"MedicationKnowledge.drugCharacteristic.type",0,1,"","ele-1:All FHIR elements must have a @value or children {hasValue() or (children().count() > id.count())}
"
"MedicationCatalogItem","MedicationKnowledge.drugCharacteristic.value[x]","MedicationKnowledge.drugCharacteristic.value[x]","","","",0,1,"","","","CodeableConcept {[]} {[]}
string {[]} {[]}Quantity {[CanonicalType[http://hl7.org/fhir/StructureDefinition/SimpleQuantity]]} {[]}base64Binary {[]} {[]}","Description of the characteristic","Description of the characteristic.","The description should be provided as a CodeableConcept, SimpleQuantity or an image.  The description can be a string only when these others are not available.","","","","","","","","",,,,,"",,,,"MedicationKnowledge.drugCharacteristic.value[x]",0,1,"","ele-1:All FHIR elements must have a @value or children {hasValue() or (children().count() > id.count())}
"
"MedicationCatalogItem","MedicationKnowledge.contraindication","MedicationKnowledge.contraindication","","","",0,*,"","","","Reference {[]} {[CanonicalType[http://hl7.org/fhir/StructureDefinition/DetectedIssue]]}
","Potential clinical issue with or between medication(s)","Potential clinical issue with or between medication(s) (for example, drug-drug interaction, drug-disease contraindication, drug-allergy interaction, etc.).","","","","","","","","","",,,,,"",,,,"MedicationKnowledge.contraindication",0,*,"","ele-1:All FHIR elements must have a @value or children {hasValue() or (children().count() > id.count())}
"
"MedicationCatalogItem","MedicationKnowledge.regulatory","MedicationKnowledge.regulatory","","","",0,*,"","","","BackboneElement {[]} {[]}
","Regulatory information about a medication","Regulatory information about a medication.","","","","","","","","","",,,,,"",,,,"MedicationKnowledge.regulatory",0,*,"","ele-1:All FHIR elements must have a @value or children {hasValue() or (children().count() > id.count())}
"
"MedicationCatalogItem","MedicationKnowledge.regulatory.id","MedicationKnowledge.regulatory.id","","","",0,1,"","","","string {[]} {[]}
","Unique id for inter-element referencing","Unique id for the element within a resource (for internal references). This may be any string value that does not contain spaces.","","","","","","","","","",,,,,"",,,,"Element.id",0,1,"",""
"MedicationCatalogItem","MedicationKnowledge.regulatory.extension","MedicationKnowledge.regulatory.extension","","extensions
user content","",0,*,"","","","Extension {[]} {[]}
","Additional content defined by implementations","May be used to represent additional information that is not part of the basic definition of the element. To make the use of extensions safe and manageable, there is a strict set of governance  applied to the definition and use of extensions. Though any implementer can define an extension, there is a set of requirements that SHALL be met as part of the definition of the extension.","There can be no stigma associated with the use of extensions by any application, project, or standard - regardless of the institution or jurisdiction that uses or defines the extensions.  The use of extensions is what allows the FHIR specification to retain a core level of simplicity for everyone.","","","","","","","","",,,,,"",,,,"Element.extension",0,*,"","ele-1:All FHIR elements must have a @value or children {hasValue() or (children().count() > id.count())}
ext-1:Must have either extensions or value[x], not both {extension.exists() != value.exists()}"
"MedicationCatalogItem","MedicationKnowledge.regulatory.modifierExtension","MedicationKnowledge.regulatory.modifierExtension","","extensions
user contentmodifiers","",0,*,"","Y","Y","Extension {[]} {[]}
","Extensions that cannot be ignored even if unrecognized","May be used to represent additional information that is not part of the basic definition of the element and that modifies the understanding of the element in which it is contained and/or the understanding of the containing element's descendants. Usually modifier elements provide negation or qualification. To make the use of extensions safe and manageable, there is a strict set of governance applied to the definition and use of extensions. Though any implementer can define an extension, there is a set of requirements that SHALL be met as part of the definition of the extension. Applications processing a resource are required to check for modifier extensions.

Modifier extensions SHALL NOT change the meaning of any elements on Resource or DomainResource (including cannot change the meaning of modifierExtension itself).","There can be no stigma associated with the use of extensions by any application, project, or standard - regardless of the institution or jurisdiction that uses or defines the extensions.  The use of extensions is what allows the FHIR specification to retain a core level of simplicity for everyone.","Modifier extensions allow for extensions that *cannot* be safely ignored to be clearly distinguished from the vast majority of extensions which can be safely ignored.  This promotes interoperability by eliminating the need for implementers to prohibit the presence of extensions. For further information, see the [definition of modifier extensions](http://hl7.org/fhir/R4/extensibility.html#modifierExtension).","","","","","","","",,,,,"",,,,"BackboneElement.modifierExtension",0,*,"","ele-1:All FHIR elements must have a @value or children {hasValue() or (children().count() > id.count())}
ext-1:Must have either extensions or value[x], not both {extension.exists() != value.exists()}"
"MedicationCatalogItem","MedicationKnowledge.regulatory.regulatoryAuthority","MedicationKnowledge.regulatory.regulatoryAuthority","","","",1,1,"","","","Reference {[]} {[CanonicalType[http://hl7.org/fhir/StructureDefinition/Organization]]}
","Specifies the authority of the regulation","The authority that is specifying the regulations.","","","","","","","","","",,,,,"",,,,"MedicationKnowledge.regulatory.regulatoryAuthority",1,1,"","ele-1:All FHIR elements must have a @value or children {hasValue() or (children().count() > id.count())}
"
"MedicationCatalogItem","MedicationKnowledge.regulatory.substitution","MedicationKnowledge.regulatory.substitution","","","",0,*,"","","","BackboneElement {[]} {[]}
","Specifies if changes are allowed when dispensing a medication from a regulatory perspective","Specifies if changes are allowed when dispensing a medication from a regulatory perspective.","","","","","","","","","",,,,,"",,,,"MedicationKnowledge.regulatory.substitution",0,*,"","ele-1:All FHIR elements must have a @value or children {hasValue() or (children().count() > id.count())}
"
"MedicationCatalogItem","MedicationKnowledge.regulatory.substitution.id","MedicationKnowledge.regulatory.substitution.id","","","",0,1,"","","","string {[]} {[]}
","Unique id for inter-element referencing","Unique id for the element within a resource (for internal references). This may be any string value that does not contain spaces.","","","","","","","","","",,,,,"",,,,"Element.id",0,1,"",""
"MedicationCatalogItem","MedicationKnowledge.regulatory.substitution.extension","MedicationKnowledge.regulatory.substitution.extension","","extensions
user content","",0,*,"","","","Extension {[]} {[]}
","Additional content defined by implementations","May be used to represent additional information that is not part of the basic definition of the element. To make the use of extensions safe and manageable, there is a strict set of governance  applied to the definition and use of extensions. Though any implementer can define an extension, there is a set of requirements that SHALL be met as part of the definition of the extension.","There can be no stigma associated with the use of extensions by any application, project, or standard - regardless of the institution or jurisdiction that uses or defines the extensions.  The use of extensions is what allows the FHIR specification to retain a core level of simplicity for everyone.","","","","","","","","",,,,,"",,,,"Element.extension",0,*,"","ele-1:All FHIR elements must have a @value or children {hasValue() or (children().count() > id.count())}
ext-1:Must have either extensions or value[x], not both {extension.exists() != value.exists()}"
"MedicationCatalogItem","MedicationKnowledge.regulatory.substitution.modifierExtension","MedicationKnowledge.regulatory.substitution.modifierExtension","","extensions
user contentmodifiers","",0,*,"","Y","Y","Extension {[]} {[]}
","Extensions that cannot be ignored even if unrecognized","May be used to represent additional information that is not part of the basic definition of the element and that modifies the understanding of the element in which it is contained and/or the understanding of the containing element's descendants. Usually modifier elements provide negation or qualification. To make the use of extensions safe and manageable, there is a strict set of governance applied to the definition and use of extensions. Though any implementer can define an extension, there is a set of requirements that SHALL be met as part of the definition of the extension. Applications processing a resource are required to check for modifier extensions.

Modifier extensions SHALL NOT change the meaning of any elements on Resource or DomainResource (including cannot change the meaning of modifierExtension itself).","There can be no stigma associated with the use of extensions by any application, project, or standard - regardless of the institution or jurisdiction that uses or defines the extensions.  The use of extensions is what allows the FHIR specification to retain a core level of simplicity for everyone.","Modifier extensions allow for extensions that *cannot* be safely ignored to be clearly distinguished from the vast majority of extensions which can be safely ignored.  This promotes interoperability by eliminating the need for implementers to prohibit the presence of extensions. For further information, see the [definition of modifier extensions](http://hl7.org/fhir/R4/extensibility.html#modifierExtension).","","","","","","","",,,,,"",,,,"BackboneElement.modifierExtension",0,*,"","ele-1:All FHIR elements must have a @value or children {hasValue() or (children().count() > id.count())}
ext-1:Must have either extensions or value[x], not both {extension.exists() != value.exists()}"
"MedicationCatalogItem","MedicationKnowledge.regulatory.substitution.type","MedicationKnowledge.regulatory.substitution.type","","","",1,1,"","","","CodeableConcept {[]} {[]}
","Specifies the type of substitution allowed","Specifies the type of substitution allowed.","","","","","","","","","",,,,,"",,,,"MedicationKnowledge.regulatory.substitution.type",1,1,"","ele-1:All FHIR elements must have a @value or children {hasValue() or (children().count() > id.count())}
"
"MedicationCatalogItem","MedicationKnowledge.regulatory.substitution.allowed","MedicationKnowledge.regulatory.substitution.allowed","","","",1,1,"","","","boolean {[]} {[]}
","Specifies if regulation allows for changes in the medication when dispensing","Specifies if regulation allows for changes in the medication when dispensing.","","","","","","","","","",,,,,"",,,,"MedicationKnowledge.regulatory.substitution.allowed",1,1,"","ele-1:All FHIR elements must have a @value or children {hasValue() or (children().count() > id.count())}
"
"MedicationCatalogItem","MedicationKnowledge.regulatory.schedule","MedicationKnowledge.regulatory.schedule","","","",0,*,"","","","BackboneElement {[]} {[]}
","Specifies the schedule of a medication in jurisdiction","Specifies the schedule of a medication in jurisdiction.","","","","","","","","","",,,,,"",,,,"MedicationKnowledge.regulatory.schedule",0,*,"","ele-1:All FHIR elements must have a @value or children {hasValue() or (children().count() > id.count())}
"
"MedicationCatalogItem","MedicationKnowledge.regulatory.schedule.id","MedicationKnowledge.regulatory.schedule.id","","","",0,1,"","","","string {[]} {[]}
","Unique id for inter-element referencing","Unique id for the element within a resource (for internal references). This may be any string value that does not contain spaces.","","","","","","","","","",,,,,"",,,,"Element.id",0,1,"",""
"MedicationCatalogItem","MedicationKnowledge.regulatory.schedule.extension","MedicationKnowledge.regulatory.schedule.extension","","extensions
user content","",0,*,"","","","Extension {[]} {[]}
","Additional content defined by implementations","May be used to represent additional information that is not part of the basic definition of the element. To make the use of extensions safe and manageable, there is a strict set of governance  applied to the definition and use of extensions. Though any implementer can define an extension, there is a set of requirements that SHALL be met as part of the definition of the extension.","There can be no stigma associated with the use of extensions by any application, project, or standard - regardless of the institution or jurisdiction that uses or defines the extensions.  The use of extensions is what allows the FHIR specification to retain a core level of simplicity for everyone.","","","","","","","","",,,,,"",,,,"Element.extension",0,*,"","ele-1:All FHIR elements must have a @value or children {hasValue() or (children().count() > id.count())}
ext-1:Must have either extensions or value[x], not both {extension.exists() != value.exists()}"
"MedicationCatalogItem","MedicationKnowledge.regulatory.schedule.modifierExtension","MedicationKnowledge.regulatory.schedule.modifierExtension","","extensions
user contentmodifiers","",0,*,"","Y","Y","Extension {[]} {[]}
","Extensions that cannot be ignored even if unrecognized","May be used to represent additional information that is not part of the basic definition of the element and that modifies the understanding of the element in which it is contained and/or the understanding of the containing element's descendants. Usually modifier elements provide negation or qualification. To make the use of extensions safe and manageable, there is a strict set of governance applied to the definition and use of extensions. Though any implementer can define an extension, there is a set of requirements that SHALL be met as part of the definition of the extension. Applications processing a resource are required to check for modifier extensions.

Modifier extensions SHALL NOT change the meaning of any elements on Resource or DomainResource (including cannot change the meaning of modifierExtension itself).","There can be no stigma associated with the use of extensions by any application, project, or standard - regardless of the institution or jurisdiction that uses or defines the extensions.  The use of extensions is what allows the FHIR specification to retain a core level of simplicity for everyone.","Modifier extensions allow for extensions that *cannot* be safely ignored to be clearly distinguished from the vast majority of extensions which can be safely ignored.  This promotes interoperability by eliminating the need for implementers to prohibit the presence of extensions. For further information, see the [definition of modifier extensions](http://hl7.org/fhir/R4/extensibility.html#modifierExtension).","","","","","","","",,,,,"",,,,"BackboneElement.modifierExtension",0,*,"","ele-1:All FHIR elements must have a @value or children {hasValue() or (children().count() > id.count())}
ext-1:Must have either extensions or value[x], not both {extension.exists() != value.exists()}"
"MedicationCatalogItem","MedicationKnowledge.regulatory.schedule.schedule","MedicationKnowledge.regulatory.schedule.schedule","","","",1,1,"","","","CodeableConcept {[]} {[]}
","Specifies the specific drug schedule","Specifies the specific drug schedule.","","","","","","","","","",,,,,"",,,,"MedicationKnowledge.regulatory.schedule.schedule",1,1,"","ele-1:All FHIR elements must have a @value or children {hasValue() or (children().count() > id.count())}
"
"MedicationCatalogItem","MedicationKnowledge.regulatory.maxDispense","MedicationKnowledge.regulatory.maxDispense","","","",0,1,"","","","BackboneElement {[]} {[]}
","The maximum number of units of the medication that can be dispensed in a period","The maximum number of units of the medication that can be dispensed in a period.","","","","","","","","","",,,,,"",,,,"MedicationKnowledge.regulatory.maxDispense",0,1,"","ele-1:All FHIR elements must have a @value or children {hasValue() or (children().count() > id.count())}
"
"MedicationCatalogItem","MedicationKnowledge.regulatory.maxDispense.id","MedicationKnowledge.regulatory.maxDispense.id","","","",0,1,"","","","string {[]} {[]}
","Unique id for inter-element referencing","Unique id for the element within a resource (for internal references). This may be any string value that does not contain spaces.","","","","","","","","","",,,,,"",,,,"Element.id",0,1,"",""
"MedicationCatalogItem","MedicationKnowledge.regulatory.maxDispense.extension","MedicationKnowledge.regulatory.maxDispense.extension","","extensions
user content","",0,*,"","","","Extension {[]} {[]}
","Additional content defined by implementations","May be used to represent additional information that is not part of the basic definition of the element. To make the use of extensions safe and manageable, there is a strict set of governance  applied to the definition and use of extensions. Though any implementer can define an extension, there is a set of requirements that SHALL be met as part of the definition of the extension.","There can be no stigma associated with the use of extensions by any application, project, or standard - regardless of the institution or jurisdiction that uses or defines the extensions.  The use of extensions is what allows the FHIR specification to retain a core level of simplicity for everyone.","","","","","","","","",,,,,"",,,,"Element.extension",0,*,"","ele-1:All FHIR elements must have a @value or children {hasValue() or (children().count() > id.count())}
ext-1:Must have either extensions or value[x], not both {extension.exists() != value.exists()}"
"MedicationCatalogItem","MedicationKnowledge.regulatory.maxDispense.modifierExtension","MedicationKnowledge.regulatory.maxDispense.modifierExtension","","extensions
user contentmodifiers","",0,*,"","Y","Y","Extension {[]} {[]}
","Extensions that cannot be ignored even if unrecognized","May be used to represent additional information that is not part of the basic definition of the element and that modifies the understanding of the element in which it is contained and/or the understanding of the containing element's descendants. Usually modifier elements provide negation or qualification. To make the use of extensions safe and manageable, there is a strict set of governance applied to the definition and use of extensions. Though any implementer can define an extension, there is a set of requirements that SHALL be met as part of the definition of the extension. Applications processing a resource are required to check for modifier extensions.

Modifier extensions SHALL NOT change the meaning of any elements on Resource or DomainResource (including cannot change the meaning of modifierExtension itself).","There can be no stigma associated with the use of extensions by any application, project, or standard - regardless of the institution or jurisdiction that uses or defines the extensions.  The use of extensions is what allows the FHIR specification to retain a core level of simplicity for everyone.","Modifier extensions allow for extensions that *cannot* be safely ignored to be clearly distinguished from the vast majority of extensions which can be safely ignored.  This promotes interoperability by eliminating the need for implementers to prohibit the presence of extensions. For further information, see the [definition of modifier extensions](http://hl7.org/fhir/R4/extensibility.html#modifierExtension).","","","","","","","",,,,,"",,,,"BackboneElement.modifierExtension",0,*,"","ele-1:All FHIR elements must have a @value or children {hasValue() or (children().count() > id.count())}
ext-1:Must have either extensions or value[x], not both {extension.exists() != value.exists()}"
"MedicationCatalogItem","MedicationKnowledge.regulatory.maxDispense.quantity","MedicationKnowledge.regulatory.maxDispense.quantity","","","",1,1,"","","","Quantity {[CanonicalType[http://hl7.org/fhir/StructureDefinition/SimpleQuantity]]} {[]}
","The maximum number of units of the medication that can be dispensed","The maximum number of units of the medication that can be dispensed.","","","","","","","","","",,,,,"",,,,"MedicationKnowledge.regulatory.maxDispense.quantity",1,1,"","ele-1:All FHIR elements must have a @value or children {hasValue() or (children().count() > id.count())}
"
"MedicationCatalogItem","MedicationKnowledge.regulatory.maxDispense.period","MedicationKnowledge.regulatory.maxDispense.period","","","",0,1,"","","","Duration {[]} {[]}
","The period that applies to the maximum number of units","The period that applies to the maximum number of units.","","","","","","","","","",,,,,"",,,,"MedicationKnowledge.regulatory.maxDispense.period",0,1,"","ele-1:All FHIR elements must have a @value or children {hasValue() or (children().count() > id.count())}
"
"MedicationCatalogItem","MedicationKnowledge.kinetics","MedicationKnowledge.kinetics","","","",0,*,"","","","BackboneElement {[]} {[]}
","The time course of drug absorption, distribution, metabolism and excretion of a medication from the body","The time course of drug absorption, distribution, metabolism and excretion of a medication from the body.","","","","","","","","","",,,,,"",,,,"MedicationKnowledge.kinetics",0,*,"","ele-1:All FHIR elements must have a @value or children {hasValue() or (children().count() > id.count())}
"
"MedicationCatalogItem","MedicationKnowledge.kinetics.id","MedicationKnowledge.kinetics.id","","","",0,1,"","","","string {[]} {[]}
","Unique id for inter-element referencing","Unique id for the element within a resource (for internal references). This may be any string value that does not contain spaces.","","","","","","","","","",,,,,"",,,,"Element.id",0,1,"",""
"MedicationCatalogItem","MedicationKnowledge.kinetics.extension","MedicationKnowledge.kinetics.extension","","extensions
user content","",0,*,"","","","Extension {[]} {[]}
","Additional content defined by implementations","May be used to represent additional information that is not part of the basic definition of the element. To make the use of extensions safe and manageable, there is a strict set of governance  applied to the definition and use of extensions. Though any implementer can define an extension, there is a set of requirements that SHALL be met as part of the definition of the extension.","There can be no stigma associated with the use of extensions by any application, project, or standard - regardless of the institution or jurisdiction that uses or defines the extensions.  The use of extensions is what allows the FHIR specification to retain a core level of simplicity for everyone.","","","","","","","","",,,,,"",,,,"Element.extension",0,*,"","ele-1:All FHIR elements must have a @value or children {hasValue() or (children().count() > id.count())}
ext-1:Must have either extensions or value[x], not both {extension.exists() != value.exists()}"
"MedicationCatalogItem","MedicationKnowledge.kinetics.modifierExtension","MedicationKnowledge.kinetics.modifierExtension","","extensions
user contentmodifiers","",0,*,"","Y","Y","Extension {[]} {[]}
","Extensions that cannot be ignored even if unrecognized","May be used to represent additional information that is not part of the basic definition of the element and that modifies the understanding of the element in which it is contained and/or the understanding of the containing element's descendants. Usually modifier elements provide negation or qualification. To make the use of extensions safe and manageable, there is a strict set of governance applied to the definition and use of extensions. Though any implementer can define an extension, there is a set of requirements that SHALL be met as part of the definition of the extension. Applications processing a resource are required to check for modifier extensions.

Modifier extensions SHALL NOT change the meaning of any elements on Resource or DomainResource (including cannot change the meaning of modifierExtension itself).","There can be no stigma associated with the use of extensions by any application, project, or standard - regardless of the institution or jurisdiction that uses or defines the extensions.  The use of extensions is what allows the FHIR specification to retain a core level of simplicity for everyone.","Modifier extensions allow for extensions that *cannot* be safely ignored to be clearly distinguished from the vast majority of extensions which can be safely ignored.  This promotes interoperability by eliminating the need for implementers to prohibit the presence of extensions. For further information, see the [definition of modifier extensions](http://hl7.org/fhir/R4/extensibility.html#modifierExtension).","","","","","","","",,,,,"",,,,"BackboneElement.modifierExtension",0,*,"","ele-1:All FHIR elements must have a @value or children {hasValue() or (children().count() > id.count())}
ext-1:Must have either extensions or value[x], not both {extension.exists() != value.exists()}"
"MedicationCatalogItem","MedicationKnowledge.kinetics.areaUnderCurve","MedicationKnowledge.kinetics.areaUnderCurve","","","",0,*,"","","","Quantity {[CanonicalType[http://hl7.org/fhir/StructureDefinition/SimpleQuantity]]} {[]}
","The drug concentration measured at certain discrete points in time","The drug concentration measured at certain discrete points in time.","","","","","","","","","",,,,,"",,,,"MedicationKnowledge.kinetics.areaUnderCurve",0,*,"","ele-1:All FHIR elements must have a @value or children {hasValue() or (children().count() > id.count())}
"
"MedicationCatalogItem","MedicationKnowledge.kinetics.lethalDose50","MedicationKnowledge.kinetics.lethalDose50","","","",0,*,"","","","Quantity {[CanonicalType[http://hl7.org/fhir/StructureDefinition/SimpleQuantity]]} {[]}
","The median lethal dose of a drug","The median lethal dose of a drug.","","","","","","","","","",,,,,"",,,,"MedicationKnowledge.kinetics.lethalDose50",0,*,"","ele-1:All FHIR elements must have a @value or children {hasValue() or (children().count() > id.count())}
"
"MedicationCatalogItem","MedicationKnowledge.kinetics.halfLifePeriod","MedicationKnowledge.kinetics.halfLifePeriod","","","",0,1,"","","","Duration {[]} {[]}
","Time required for concentration in the body to decrease by half","The time required for any specified property (e.g., the concentration of a substance in the body) to decrease by half.","","","","","","","","","",,,,,"",,,,"MedicationKnowledge.kinetics.halfLifePeriod",0,1,"","ele-1:All FHIR elements must have a @value or children {hasValue() or (children().count() > id.count())}
"
"ProductID","Extension","Extension","","","",0,*,"","","","null {[]} {[]}
","Extension","The business identifier of a  product in a product catalogue.

In FHIR R6, this could also be a reference to an InventoryItem","","","","","","","","","",,,,,"",,,,"Extension",0,*,"ele-1
","ele-1:All FHIR elements must have a @value or children {hasValue() or (children().count() > id.count())}
ext-1:Must have either extensions or value[x], not both {extension.exists() != value.exists()}"
"ProductID","Extension.id","Extension.id","","","",0,1,"","","","string {[]} {[]}
","Unique id for inter-element referencing","Unique id for the element within a resource (for internal references). This may be any string value that does not contain spaces.","","","","","","","","","",,,,,"",,,,"Element.id",0,1,"",""
"ProductID","Extension.extension","Extension.extension","","","",0,0,"","","","Extension {[]} {[]}
","Extension","An Extension","","","","","","","","","",,,,,"","value:url}
","Extensions are always sliced by (at least) url",,"open","Element.extension",0,*,"","ele-1:All FHIR elements must have a @value or children {hasValue() or (children().count() > id.count())}
ext-1:Must have either extensions or value[x], not both {extension.exists() != value.exists()}"
"ProductID","Extension.url","Extension.url","","","",1,1,"","","","uri {[]} {[]}
","identifies the meaning of the extension","Source of the definition for the extension code - a logical name or a URL.","The definition may point directly to a computable or human-readable definition of the extensibility codes, or it may be a logical URI as declared in some other specification. The definition SHALL be a URI for the Structure Definition defining the extension.","","","","<valueUri xmlns=""http://hl7.org/fhir"" value=""http://smart.who.int/pcmt/StructureDefinition/ProductID""/>","","","","",,,,,"",,,,"Extension.url",1,1,"",""
"ProductID","Extension.value[x]","Extension.value[x]","","","",0,1,"","","","Coding {[]} {[]}
Reference {[]} {[CanonicalType[http://smart.who.int/pcmt/StructureDefinition/MedicationCatalogItem]]}","Value of extension","Value of extension - must be one of a constrained set of the data types (see [Extensibility](http://hl7.org/fhir/R4/extensibility.html) for a list).","","","","","","","","","",,,,,"",,,,"Extension.value[x]",0,1,"","ele-1:All FHIR elements must have a @value or children {hasValue() or (children().count() > id.count())}
"
"RegulatedTradeItem","RegulatedTradeItem","RegulatedTradeItem","","","",0,*,"","","","null {[]} {[]}
","Regulated Trade Item","A record of authorization or compliance for one or more Products with a set of regulatory, policy, (pre-)qualification, or legal requirements.","","","","","","","","","",,,,,"",,,,"Base",0,*,"",""
"RegulatedTradeItem","RegulatedTradeItem.identifier","RegulatedTradeItem.identifier","","","",0,1,"","","","Identifier {[]} {[]}
","The identifier(s) of the authorised Products","The identifier(s) of the authorised Products","","","","","","","","","",,,,,"",,,,"RegulatedTradeItem.identifier",0,1,"",""
"RegulatedTradeItem","RegulatedTradeItem.status","RegulatedTradeItem.status","","","",1,1,"","","","code {[]} {[]}
","Product status","The marketing / authorisation status of the authorisation e.g. 'active' 'inactive'","","","","","","","","","",,"extensible","","http://smart.who.int/pcmt/ValueSet/Status","",,,,"RegulatedTradeItem.status",1,1,"",""
"RegulatedTradeItem","RegulatedTradeItem.jurisdiction","RegulatedTradeItem.jurisdiction","","","",1,*,"","","","CodeableConcept {[]} {[]}
","The jurisidiction(s) (e.g. country, economic commuinity or region) where the authorisation is issued","The jurisidiction(s) (e.g. country, economic commuinity or region) where the authorisation is issued","","","","","","","","","",,,,,"",,,,"RegulatedTradeItem.jurisdiction",1,*,"",""
"RegulatedTradeItem","RegulatedTradeItem.authorisationHolder","RegulatedTradeItem.authorisationHolder","","","",1,1,"","","","Reference {[]} {[CanonicalType[https://profiles.ihe.net/ITI/mCSD/StructureDefinition/IHE.mCSD.Organization]]}
","The organisation responsible for the product i.e. the grantee of the authorisation","The organisation responsible for the product i.e. the grantee of the authorisation","","","","","","","","","",,,,,"",,,,"RegulatedTradeItem.authorisationHolder",1,1,"",""
"RegulatedTradeItem","RegulatedTradeItem.validityPeriod","RegulatedTradeItem.validityPeriod","","","",0,1,"","","","Period {[]} {[]}
","Validity Period of this authorization","Validity Period of this authorization","","","","","","","","","",,,,,"",,,,"RegulatedTradeItem.validityPeriod",0,1,"",""
"RegulatedTradeItem","RegulatedTradeItem.authorisedTradeItem","RegulatedTradeItem.authorisedTradeItem","","","",1,1,"","","","Reference {[]} {[CanonicalType[http://smart.who.int/pcmt/StructureDefinition/TradeItem]]}
","Products that are covered under this authorization","Products that are covered under this authorization","","","","","","","","","",,,,,"",,,,"RegulatedTradeItem.authorisedTradeItem",1,1,"",""
"RegulatedTradeItem","RegulatedTradeItem.attribute","RegulatedTradeItem.attribute","","","",0,*,"","","","BackboneElement {[]} {[]}
","Attributes or characterisitics of the product","Attributes or characterisitics of the product","","","","","","","","","",,,,,"",,,,"RegulatedTradeItem.attribute",0,*,"","ele-1:All FHIR elements must have a @value or children {hasValue() or (children().count() > id.count())}
"
"RegulatedTradeItem","RegulatedTradeItem.attribute.id","RegulatedTradeItem.attribute.id","","","",0,1,"","","","string {[]} {[]}
","Unique id for inter-element referencing","Unique id for the element within a resource (for internal references). This may be any string value that does not contain spaces.","","","","","","","","","",,,,,"",,,,"Element.id",0,1,"",""
"RegulatedTradeItem","RegulatedTradeItem.attribute.extension","RegulatedTradeItem.attribute.extension","","extensions
user content","",0,*,"","","","Extension {[]} {[]}
","Additional content defined by implementations","May be used to represent additional information that is not part of the basic definition of the element. To make the use of extensions safe and manageable, there is a strict set of governance  applied to the definition and use of extensions. Though any implementer can define an extension, there is a set of requirements that SHALL be met as part of the definition of the extension.","There can be no stigma associated with the use of extensions by any application, project, or standard - regardless of the institution or jurisdiction that uses or defines the extensions.  The use of extensions is what allows the FHIR specification to retain a core level of simplicity for everyone.","","","","","","","","",,,,,"","value:url}
","Extensions are always sliced by (at least) url",,"open","Element.extension",0,*,"","ele-1:All FHIR elements must have a @value or children {hasValue() or (children().count() > id.count())}
ext-1:Must have either extensions or value[x], not both {extension.exists() != value.exists()}"
"RegulatedTradeItem","RegulatedTradeItem.attribute.modifierExtension","RegulatedTradeItem.attribute.modifierExtension","","extensions
user contentmodifiers","",0,*,"","Y","Y","Extension {[]} {[]}
","Extensions that cannot be ignored even if unrecognized","May be used to represent additional information that is not part of the basic definition of the element and that modifies the understanding of the element in which it is contained and/or the understanding of the containing element's descendants. Usually modifier elements provide negation or qualification. To make the use of extensions safe and manageable, there is a strict set of governance applied to the definition and use of extensions. Though any implementer can define an extension, there is a set of requirements that SHALL be met as part of the definition of the extension. Applications processing a resource are required to check for modifier extensions.

Modifier extensions SHALL NOT change the meaning of any elements on Resource or DomainResource (including cannot change the meaning of modifierExtension itself).","There can be no stigma associated with the use of extensions by any application, project, or standard - regardless of the institution or jurisdiction that uses or defines the extensions.  The use of extensions is what allows the FHIR specification to retain a core level of simplicity for everyone.","Modifier extensions allow for extensions that *cannot* be safely ignored to be clearly distinguished from the vast majority of extensions which can be safely ignored.  This promotes interoperability by eliminating the need for implementers to prohibit the presence of extensions. For further information, see the [definition of modifier extensions](http://hl7.org/fhir/R4/extensibility.html#modifierExtension).","","","","","","","",,,,,"",,,,"BackboneElement.modifierExtension",0,*,"","ele-1:All FHIR elements must have a @value or children {hasValue() or (children().count() > id.count())}
ext-1:Must have either extensions or value[x], not both {extension.exists() != value.exists()}"
"RegulatedTradeItem","RegulatedTradeItem.attribute.type","RegulatedTradeItem.attribute.type","","","",1,1,"","","","CodeableConcept {[]} {[]}
","The attribute type (e.g. a physcial dimension)","The attribute type (e.g. a physcial dimension)","","","","","","","","","",,"extensible","","http://smart.who.int/pcmt/ValueSet/AttributeType","",,,,"RegulatedTradeItem.attribute.type",1,1,"",""
"RegulatedTradeItem","RegulatedTradeItem.attribute.value[x]","RegulatedTradeItem.attribute.value[x]","","","",1,1,"","","","string {[]} {[]}
integer {[]} {[]}decimal {[]} {[]}boolean {[]} {[]}url {[]} {[]}dateTime {[]} {[]}Range {[]} {[]}Ratio {[]} {[]}Annotation {[]} {[]}Address {[]} {[]}Duration {[]} {[]}CodeableConcept {[]} {[]}","The value of the attribute","The value of the attribute","","","","","","","","","",,,,,"",,,,"RegulatedTradeItem.attribute.value[x]",1,1,"",""
"RegulatedTradeItem","RegulatedTradeItem.associatedProduct","RegulatedTradeItem.associatedProduct","","","",0,*,"","","","BackboneElement {[]} {[]}
","Association(s) between a product and referenced products. Such relationships could be for packaging, representing duplicates/semantic equivalencies between Products, etc","Association(s) between a product and referenced products. Such relationships could be for packaging, representing duplicates/semantic equivalencies between Products, etc","","","","","","","","","",,,,,"",,,,"RegulatedTradeItem.associatedProduct",0,*,"","ele-1:All FHIR elements must have a @value or children {hasValue() or (children().count() > id.count())}
"
"RegulatedTradeItem","RegulatedTradeItem.associatedProduct.id","RegulatedTradeItem.associatedProduct.id","","","",0,1,"","","","string {[]} {[]}
","Unique id for inter-element referencing","Unique id for the element within a resource (for internal references). This may be any string value that does not contain spaces.","","","","","","","","","",,,,,"",,,,"Element.id",0,1,"",""
"RegulatedTradeItem","RegulatedTradeItem.associatedProduct.extension","RegulatedTradeItem.associatedProduct.extension","","extensions
user content","",0,*,"","","","Extension {[]} {[]}
","Additional content defined by implementations","May be used to represent additional information that is not part of the basic definition of the element. To make the use of extensions safe and manageable, there is a strict set of governance  applied to the definition and use of extensions. Though any implementer can define an extension, there is a set of requirements that SHALL be met as part of the definition of the extension.","There can be no stigma associated with the use of extensions by any application, project, or standard - regardless of the institution or jurisdiction that uses or defines the extensions.  The use of extensions is what allows the FHIR specification to retain a core level of simplicity for everyone.","","","","","","","","",,,,,"","value:url}
","Extensions are always sliced by (at least) url",,"open","Element.extension",0,*,"","ele-1:All FHIR elements must have a @value or children {hasValue() or (children().count() > id.count())}
ext-1:Must have either extensions or value[x], not both {extension.exists() != value.exists()}"
"RegulatedTradeItem","RegulatedTradeItem.associatedProduct.modifierExtension","RegulatedTradeItem.associatedProduct.modifierExtension","","extensions
user contentmodifiers","",0,*,"","Y","Y","Extension {[]} {[]}
","Extensions that cannot be ignored even if unrecognized","May be used to represent additional information that is not part of the basic definition of the element and that modifies the understanding of the element in which it is contained and/or the understanding of the containing element's descendants. Usually modifier elements provide negation or qualification. To make the use of extensions safe and manageable, there is a strict set of governance applied to the definition and use of extensions. Though any implementer can define an extension, there is a set of requirements that SHALL be met as part of the definition of the extension. Applications processing a resource are required to check for modifier extensions.

Modifier extensions SHALL NOT change the meaning of any elements on Resource or DomainResource (including cannot change the meaning of modifierExtension itself).","There can be no stigma associated with the use of extensions by any application, project, or standard - regardless of the institution or jurisdiction that uses or defines the extensions.  The use of extensions is what allows the FHIR specification to retain a core level of simplicity for everyone.","Modifier extensions allow for extensions that *cannot* be safely ignored to be clearly distinguished from the vast majority of extensions which can be safely ignored.  This promotes interoperability by eliminating the need for implementers to prohibit the presence of extensions. For further information, see the [definition of modifier extensions](http://hl7.org/fhir/R4/extensibility.html#modifierExtension).","","","","","","","",,,,,"",,,,"BackboneElement.modifierExtension",0,*,"","ele-1:All FHIR elements must have a @value or children {hasValue() or (children().count() > id.count())}
ext-1:Must have either extensions or value[x], not both {extension.exists() != value.exists()}"
"RegulatedTradeItem","RegulatedTradeItem.associatedProduct.product","RegulatedTradeItem.associatedProduct.product","","","",1,1,"","","","Reference {[]} {[]}
","The generic product characteristics","The generic product characteristics","","","","","","","","","",,,,,"",,,,"RegulatedTradeItem.associatedProduct.product",1,1,"",""
"RegulatedTradeItem","RegulatedTradeItem.associatedProduct.relationship","RegulatedTradeItem.associatedProduct.relationship","","","",1,*,"","","","Coding {[]} {[]}
","Relationship","The relationship of the the product to the refereneced product","","","","","","","","","",,"extensible","","http://smart.who.int/pcmt/ValueSet/ProductRelationship","",,,,"RegulatedTradeItem.associatedProduct.relationship",1,*,"",""
"RegulatedTradeItem","RegulatedTradeItem.associatedProduct.quantity","RegulatedTradeItem.associatedProduct.quantity","","","",1,1,"","","","Quantity {[]} {[]}
","how many units of use of the generic product are in the product","how many units of use of the generic product are in the product","","","","","","","","","",,,,,"",,,,"RegulatedTradeItem.associatedProduct.quantity",1,1,"",""
"TradeItem","TradeItem","TradeItem","","","",0,*,"","","","null {[]} {[]}
","Trade Item","A Product represents a physical item or set of items which can be held in inventory, ordered, exchanged, dispensed or other utilized within the health system, clinical and supply chain workflows.","","","","","","","","","",,,,,"",,,,"Base",0,*,"",""
"TradeItem","TradeItem.identifier","TradeItem.identifier","","","",0,*,"","","","Identifier {[]} {[]}
","Identifier for the product (e.g. SKUs, GTINs)","Identifier for the product (e.g. SKUs, GTINs)","","","","","","","","","",,,,,"",,,,"TradeItem.identifier",0,*,"",""
"TradeItem","TradeItem.status","TradeItem.status","","","",1,1,"","","","code {[]} {[]}
","Product status","The status of the product in the catalog e.g. 'active' 'inactive'","","","","","","","","","",,"extensible","","http://smart.who.int/pcmt/ValueSet/Status","",,,,"TradeItem.status",1,1,"",""
"TradeItem","TradeItem.tradeItemName","TradeItem.tradeItemName","","","",1,*,"","","","BackboneElement {[]} {[]}
","The name of the product","The name of the product","","","","","","","","","",,,,,"",,,,"TradeItem.tradeItemName",1,*,"","ele-1:All FHIR elements must have a @value or children {hasValue() or (children().count() > id.count())}
"
"TradeItem","TradeItem.tradeItemName.id","TradeItem.tradeItemName.id","","","",0,1,"","","","string {[]} {[]}
","Unique id for inter-element referencing","Unique id for the element within a resource (for internal references). This may be any string value that does not contain spaces.","","","","","","","","","",,,,,"",,,,"Element.id",0,1,"",""
"TradeItem","TradeItem.tradeItemName.extension","TradeItem.tradeItemName.extension","","extensions
user content","",0,*,"","","","Extension {[]} {[]}
","Additional content defined by implementations","May be used to represent additional information that is not part of the basic definition of the element. To make the use of extensions safe and manageable, there is a strict set of governance  applied to the definition and use of extensions. Though any implementer can define an extension, there is a set of requirements that SHALL be met as part of the definition of the extension.","There can be no stigma associated with the use of extensions by any application, project, or standard - regardless of the institution or jurisdiction that uses or defines the extensions.  The use of extensions is what allows the FHIR specification to retain a core level of simplicity for everyone.","","","","","","","","",,,,,"","value:url}
","Extensions are always sliced by (at least) url",,"open","Element.extension",0,*,"","ele-1:All FHIR elements must have a @value or children {hasValue() or (children().count() > id.count())}
ext-1:Must have either extensions or value[x], not both {extension.exists() != value.exists()}"
"TradeItem","TradeItem.tradeItemName.modifierExtension","TradeItem.tradeItemName.modifierExtension","","extensions
user contentmodifiers","",0,*,"","Y","Y","Extension {[]} {[]}
","Extensions that cannot be ignored even if unrecognized","May be used to represent additional information that is not part of the basic definition of the element and that modifies the understanding of the element in which it is contained and/or the understanding of the containing element's descendants. Usually modifier elements provide negation or qualification. To make the use of extensions safe and manageable, there is a strict set of governance applied to the definition and use of extensions. Though any implementer can define an extension, there is a set of requirements that SHALL be met as part of the definition of the extension. Applications processing a resource are required to check for modifier extensions.

Modifier extensions SHALL NOT change the meaning of any elements on Resource or DomainResource (including cannot change the meaning of modifierExtension itself).","There can be no stigma associated with the use of extensions by any application, project, or standard - regardless of the institution or jurisdiction that uses or defines the extensions.  The use of extensions is what allows the FHIR specification to retain a core level of simplicity for everyone.","Modifier extensions allow for extensions that *cannot* be safely ignored to be clearly distinguished from the vast majority of extensions which can be safely ignored.  This promotes interoperability by eliminating the need for implementers to prohibit the presence of extensions. For further information, see the [definition of modifier extensions](http://hl7.org/fhir/R4/extensibility.html#modifierExtension).","","","","","","","",,,,,"",,,,"BackboneElement.modifierExtension",0,*,"","ele-1:All FHIR elements must have a @value or children {hasValue() or (children().count() > id.count())}
ext-1:Must have either extensions or value[x], not both {extension.exists() != value.exists()}"
"TradeItem","TradeItem.tradeItemName.nameType","TradeItem.tradeItemName.nameType","","","",1,1,"","","","code {[]} {[]}
","The type of name e.g. 'official' or 'user-friendly'","The type of name e.g. 'official' or 'user-friendly'","","","","","","","","","",,"extensible","","http://smart.who.int/pcmt/ValueSet/NameType","",,,,"TradeItem.tradeItemName.nameType",1,1,"",""
"TradeItem","TradeItem.tradeItemName.nameValue","TradeItem.tradeItemName.nameValue","","","",1,1,"","","","string {[]} {[]}
","The name of the product","The name of the product","","","","","","","","","",,,,,"",,,,"TradeItem.tradeItemName.nameValue",1,1,"",""
"TradeItem","TradeItem.description","TradeItem.description","","","",0,1,"","","","string {[]} {[]}
","The description of the product","The description of the product","","","","","","","","","",,,,,"",,,,"TradeItem.description",0,1,"",""
"TradeItem","TradeItem.classification","TradeItem.classification","","","",0,*,"","","","CodeableConcept {[]} {[]}
","A categorization or classification of the product e.g. ICDS-11, ATC, WHODrug or others","A categorization or classification of the product e.g. ICDS-11, ATC, WHODrug or others","","","","","","","","","",,,,,"",,,,"TradeItem.classification",0,*,"",""
"TradeItem","TradeItem.manufacturer","TradeItem.manufacturer","","","",0,1,"","","","Reference {[]} {[CanonicalType[https://profiles.ihe.net/ITI/mCSD/StructureDefinition/IHE.mCSD.Organization]]}
","Manufacturer","Manufacturer","","","","","","","","","",,,,,"",,,,"TradeItem.manufacturer",0,1,"",""
"TradeItem","TradeItem.countryOfOrigin","TradeItem.countryOfOrigin","","","",0,1,"","","","CodeableConcept {[]} {[]}
","The country of origin","The country of origin","","","","","","","","","",,,,,"",,,,"TradeItem.countryOfOrigin",0,1,"",""
"TradeItem","TradeItem.shelfLife","TradeItem.shelfLife","","","",0,1,"","","","Quantity {[CanonicalType[http://hl7.org/fhir/StructureDefinition/SimpleQuantity]]} {[]}
","The shelf life of the product in days","The shelf life of the product in days","","","","","","","","","",,,,,"",,,,"TradeItem.shelfLife",0,1,"",""
"TradeItem","TradeItem.associatedGenericProduct","TradeItem.associatedGenericProduct","","","",0,*,"","","","BackboneElement {[]} {[]}
","Association(s) between a product and referenced products. Such relationships could be for packaging, representing duplicates/semantic equivalencies between Products, etc","Association(s) between a product and referenced products. Such relationships could be for packaging, representing duplicates/semantic equivalencies between Products, etc","","","","","","","","","",,,,,"",,,,"TradeItem.associatedGenericProduct",0,*,"","ele-1:All FHIR elements must have a @value or children {hasValue() or (children().count() > id.count())}
"
"TradeItem","TradeItem.associatedGenericProduct.id","TradeItem.associatedGenericProduct.id","","","",0,1,"","","","string {[]} {[]}
","Unique id for inter-element referencing","Unique id for the element within a resource (for internal references). This may be any string value that does not contain spaces.","","","","","","","","","",,,,,"",,,,"Element.id",0,1,"",""
"TradeItem","TradeItem.associatedGenericProduct.extension","TradeItem.associatedGenericProduct.extension","","extensions
user content","",0,*,"","","","Extension {[]} {[]}
","Additional content defined by implementations","May be used to represent additional information that is not part of the basic definition of the element. To make the use of extensions safe and manageable, there is a strict set of governance  applied to the definition and use of extensions. Though any implementer can define an extension, there is a set of requirements that SHALL be met as part of the definition of the extension.","There can be no stigma associated with the use of extensions by any application, project, or standard - regardless of the institution or jurisdiction that uses or defines the extensions.  The use of extensions is what allows the FHIR specification to retain a core level of simplicity for everyone.","","","","","","","","",,,,,"","value:url}
","Extensions are always sliced by (at least) url",,"open","Element.extension",0,*,"","ele-1:All FHIR elements must have a @value or children {hasValue() or (children().count() > id.count())}
ext-1:Must have either extensions or value[x], not both {extension.exists() != value.exists()}"
"TradeItem","TradeItem.associatedGenericProduct.modifierExtension","TradeItem.associatedGenericProduct.modifierExtension","","extensions
user contentmodifiers","",0,*,"","Y","Y","Extension {[]} {[]}
","Extensions that cannot be ignored even if unrecognized","May be used to represent additional information that is not part of the basic definition of the element and that modifies the understanding of the element in which it is contained and/or the understanding of the containing element's descendants. Usually modifier elements provide negation or qualification. To make the use of extensions safe and manageable, there is a strict set of governance applied to the definition and use of extensions. Though any implementer can define an extension, there is a set of requirements that SHALL be met as part of the definition of the extension. Applications processing a resource are required to check for modifier extensions.

Modifier extensions SHALL NOT change the meaning of any elements on Resource or DomainResource (including cannot change the meaning of modifierExtension itself).","There can be no stigma associated with the use of extensions by any application, project, or standard - regardless of the institution or jurisdiction that uses or defines the extensions.  The use of extensions is what allows the FHIR specification to retain a core level of simplicity for everyone.","Modifier extensions allow for extensions that *cannot* be safely ignored to be clearly distinguished from the vast majority of extensions which can be safely ignored.  This promotes interoperability by eliminating the need for implementers to prohibit the presence of extensions. For further information, see the [definition of modifier extensions](http://hl7.org/fhir/R4/extensibility.html#modifierExtension).","","","","","","","",,,,,"",,,,"BackboneElement.modifierExtension",0,*,"","ele-1:All FHIR elements must have a @value or children {hasValue() or (children().count() > id.count())}
ext-1:Must have either extensions or value[x], not both {extension.exists() != value.exists()}"
"TradeItem","TradeItem.associatedGenericProduct.genericProduct","TradeItem.associatedGenericProduct.genericProduct","","","",1,1,"","","","Reference {[]} {[CanonicalType[http://smart.who.int/pcmt/StructureDefinition/GenericProduct]]}
","The generic product characteristics","The generic product characteristics","","","","","","","","","",,,,,"",,,,"TradeItem.associatedGenericProduct.genericProduct",1,1,"",""
"TradeItem","TradeItem.associatedGenericProduct.quantity","TradeItem.associatedGenericProduct.quantity","","","",1,1,"","","","Quantity {[]} {[]}
","how many units of use of the generic product are in the product","how many units of use of the generic product are in the product","","","","","","","","","",,,,,"",,,,"TradeItem.associatedGenericProduct.quantity",1,1,"",""
"TradeItem","TradeItem.contains","TradeItem.contains","","","",0,*,"","","","BackboneElement {[]} {[]}
","Content of the trade item","Content of the trade item","","","","","","","","","",,,,,"",,,,"TradeItem.contains",0,*,"","ele-1:All FHIR elements must have a @value or children {hasValue() or (children().count() > id.count())}
"
"TradeItem","TradeItem.contains.id","TradeItem.contains.id","","","",0,1,"","","","string {[]} {[]}
","Unique id for inter-element referencing","Unique id for the element within a resource (for internal references). This may be any string value that does not contain spaces.","","","","","","","","","",,,,,"",,,,"Element.id",0,1,"",""
"TradeItem","TradeItem.contains.extension","TradeItem.contains.extension","","extensions
user content","",0,*,"","","","Extension {[]} {[]}
","Additional content defined by implementations","May be used to represent additional information that is not part of the basic definition of the element. To make the use of extensions safe and manageable, there is a strict set of governance  applied to the definition and use of extensions. Though any implementer can define an extension, there is a set of requirements that SHALL be met as part of the definition of the extension.","There can be no stigma associated with the use of extensions by any application, project, or standard - regardless of the institution or jurisdiction that uses or defines the extensions.  The use of extensions is what allows the FHIR specification to retain a core level of simplicity for everyone.","","","","","","","","",,,,,"","value:url}
","Extensions are always sliced by (at least) url",,"open","Element.extension",0,*,"","ele-1:All FHIR elements must have a @value or children {hasValue() or (children().count() > id.count())}
ext-1:Must have either extensions or value[x], not both {extension.exists() != value.exists()}"
"TradeItem","TradeItem.contains.modifierExtension","TradeItem.contains.modifierExtension","","extensions
user contentmodifiers","",0,*,"","Y","Y","Extension {[]} {[]}
","Extensions that cannot be ignored even if unrecognized","May be used to represent additional information that is not part of the basic definition of the element and that modifies the understanding of the element in which it is contained and/or the understanding of the containing element's descendants. Usually modifier elements provide negation or qualification. To make the use of extensions safe and manageable, there is a strict set of governance applied to the definition and use of extensions. Though any implementer can define an extension, there is a set of requirements that SHALL be met as part of the definition of the extension. Applications processing a resource are required to check for modifier extensions.

Modifier extensions SHALL NOT change the meaning of any elements on Resource or DomainResource (including cannot change the meaning of modifierExtension itself).","There can be no stigma associated with the use of extensions by any application, project, or standard - regardless of the institution or jurisdiction that uses or defines the extensions.  The use of extensions is what allows the FHIR specification to retain a core level of simplicity for everyone.","Modifier extensions allow for extensions that *cannot* be safely ignored to be clearly distinguished from the vast majority of extensions which can be safely ignored.  This promotes interoperability by eliminating the need for implementers to prohibit the presence of extensions. For further information, see the [definition of modifier extensions](http://hl7.org/fhir/R4/extensibility.html#modifierExtension).","","","","","","","",,,,,"",,,,"BackboneElement.modifierExtension",0,*,"","ele-1:All FHIR elements must have a @value or children {hasValue() or (children().count() > id.count())}
ext-1:Must have either extensions or value[x], not both {extension.exists() != value.exists()}"
"TradeItem","TradeItem.contains.tradeItem","TradeItem.contains.tradeItem","","","",1,1,"","","","Reference {[]} {[CanonicalType[http://smart.who.int/pcmt/StructureDefinition/TradeItem]]}
","Content of the trade item","Content of the trade item","","","","","","","","","",,,,,"",,,,"TradeItem.contains.tradeItem",1,1,"",""
"TradeItem","TradeItem.contains.quantity","TradeItem.contains.quantity","","","",1,1,"","","","Quantity {[]} {[]}
","how many units of use of the referenced trade item product are in this trade item","how many units of use of the referenced trade item product are in this trade item","","","","","","","","","",,,,,"",,,,"TradeItem.contains.quantity",1,1,"",""
"TradeItem","TradeItem.attribute","TradeItem.attribute","","","",0,*,"","","","BackboneElement {[]} {[]}
","Attributes or characterisitics of the product","Attributes or characterisitics of the product","","","","","","","","","",,,,,"",,,,"TradeItem.attribute",0,*,"","ele-1:All FHIR elements must have a @value or children {hasValue() or (children().count() > id.count())}
"
"TradeItem","TradeItem.attribute.id","TradeItem.attribute.id","","","",0,1,"","","","string {[]} {[]}
","Unique id for inter-element referencing","Unique id for the element within a resource (for internal references). This may be any string value that does not contain spaces.","","","","","","","","","",,,,,"",,,,"Element.id",0,1,"",""
"TradeItem","TradeItem.attribute.extension","TradeItem.attribute.extension","","extensions
user content","",0,*,"","","","Extension {[]} {[]}
","Additional content defined by implementations","May be used to represent additional information that is not part of the basic definition of the element. To make the use of extensions safe and manageable, there is a strict set of governance  applied to the definition and use of extensions. Though any implementer can define an extension, there is a set of requirements that SHALL be met as part of the definition of the extension.","There can be no stigma associated with the use of extensions by any application, project, or standard - regardless of the institution or jurisdiction that uses or defines the extensions.  The use of extensions is what allows the FHIR specification to retain a core level of simplicity for everyone.","","","","","","","","",,,,,"","value:url}
","Extensions are always sliced by (at least) url",,"open","Element.extension",0,*,"","ele-1:All FHIR elements must have a @value or children {hasValue() or (children().count() > id.count())}
ext-1:Must have either extensions or value[x], not both {extension.exists() != value.exists()}"
"TradeItem","TradeItem.attribute.modifierExtension","TradeItem.attribute.modifierExtension","","extensions
user contentmodifiers","",0,*,"","Y","Y","Extension {[]} {[]}
","Extensions that cannot be ignored even if unrecognized","May be used to represent additional information that is not part of the basic definition of the element and that modifies the understanding of the element in which it is contained and/or the understanding of the containing element's descendants. Usually modifier elements provide negation or qualification. To make the use of extensions safe and manageable, there is a strict set of governance applied to the definition and use of extensions. Though any implementer can define an extension, there is a set of requirements that SHALL be met as part of the definition of the extension. Applications processing a resource are required to check for modifier extensions.

Modifier extensions SHALL NOT change the meaning of any elements on Resource or DomainResource (including cannot change the meaning of modifierExtension itself).","There can be no stigma associated with the use of extensions by any application, project, or standard - regardless of the institution or jurisdiction that uses or defines the extensions.  The use of extensions is what allows the FHIR specification to retain a core level of simplicity for everyone.","Modifier extensions allow for extensions that *cannot* be safely ignored to be clearly distinguished from the vast majority of extensions which can be safely ignored.  This promotes interoperability by eliminating the need for implementers to prohibit the presence of extensions. For further information, see the [definition of modifier extensions](http://hl7.org/fhir/R4/extensibility.html#modifierExtension).","","","","","","","",,,,,"",,,,"BackboneElement.modifierExtension",0,*,"","ele-1:All FHIR elements must have a @value or children {hasValue() or (children().count() > id.count())}
ext-1:Must have either extensions or value[x], not both {extension.exists() != value.exists()}"
"TradeItem","TradeItem.attribute.type","TradeItem.attribute.type","","","",1,1,"","","","CodeableConcept {[]} {[]}
","The attribute type (e.g. a physcial dimension)","The attribute type (e.g. a physcial dimension)","","","","","","","","","",,"extensible","","http://smart.who.int/pcmt/ValueSet/AttributeType","",,,,"TradeItem.attribute.type",1,1,"",""
"TradeItem","TradeItem.attribute.value[x]","TradeItem.attribute.value[x]","","","",1,1,"","","","string {[]} {[]}
integer {[]} {[]}decimal {[]} {[]}boolean {[]} {[]}url {[]} {[]}dateTime {[]} {[]}Range {[]} {[]}Ratio {[]} {[]}Annotation {[]} {[]}Address {[]} {[]}Duration {[]} {[]}CodeableConcept {[]} {[]}","The value of the attribute","The value of the attribute","","","","","","","","","",,,,,"",,,,"TradeItem.attribute.value[x]",1,1,"",""
"TradeItem","TradeItem.associatedProduct","TradeItem.associatedProduct","","","",0,*,"","","","BackboneElement {[]} {[]}
","Association(s) between a product and referenced products. Such relationships could be for packaging, representing duplicates/semantic equivalencies between Products, etc","Association(s) between a product and referenced products. Such relationships could be for packaging, representing duplicates/semantic equivalencies between Products, etc","","","","","","","","","",,,,,"",,,,"TradeItem.associatedProduct",0,*,"","ele-1:All FHIR elements must have a @value or children {hasValue() or (children().count() > id.count())}
"
"TradeItem","TradeItem.associatedProduct.id","TradeItem.associatedProduct.id","","","",0,1,"","","","string {[]} {[]}
","Unique id for inter-element referencing","Unique id for the element within a resource (for internal references). This may be any string value that does not contain spaces.","","","","","","","","","",,,,,"",,,,"Element.id",0,1,"",""
"TradeItem","TradeItem.associatedProduct.extension","TradeItem.associatedProduct.extension","","extensions
user content","",0,*,"","","","Extension {[]} {[]}
","Additional content defined by implementations","May be used to represent additional information that is not part of the basic definition of the element. To make the use of extensions safe and manageable, there is a strict set of governance  applied to the definition and use of extensions. Though any implementer can define an extension, there is a set of requirements that SHALL be met as part of the definition of the extension.","There can be no stigma associated with the use of extensions by any application, project, or standard - regardless of the institution or jurisdiction that uses or defines the extensions.  The use of extensions is what allows the FHIR specification to retain a core level of simplicity for everyone.","","","","","","","","",,,,,"","value:url}
","Extensions are always sliced by (at least) url",,"open","Element.extension",0,*,"","ele-1:All FHIR elements must have a @value or children {hasValue() or (children().count() > id.count())}
ext-1:Must have either extensions or value[x], not both {extension.exists() != value.exists()}"
"TradeItem","TradeItem.associatedProduct.modifierExtension","TradeItem.associatedProduct.modifierExtension","","extensions
user contentmodifiers","",0,*,"","Y","Y","Extension {[]} {[]}
","Extensions that cannot be ignored even if unrecognized","May be used to represent additional information that is not part of the basic definition of the element and that modifies the understanding of the element in which it is contained and/or the understanding of the containing element's descendants. Usually modifier elements provide negation or qualification. To make the use of extensions safe and manageable, there is a strict set of governance applied to the definition and use of extensions. Though any implementer can define an extension, there is a set of requirements that SHALL be met as part of the definition of the extension. Applications processing a resource are required to check for modifier extensions.

Modifier extensions SHALL NOT change the meaning of any elements on Resource or DomainResource (including cannot change the meaning of modifierExtension itself).","There can be no stigma associated with the use of extensions by any application, project, or standard - regardless of the institution or jurisdiction that uses or defines the extensions.  The use of extensions is what allows the FHIR specification to retain a core level of simplicity for everyone.","Modifier extensions allow for extensions that *cannot* be safely ignored to be clearly distinguished from the vast majority of extensions which can be safely ignored.  This promotes interoperability by eliminating the need for implementers to prohibit the presence of extensions. For further information, see the [definition of modifier extensions](http://hl7.org/fhir/R4/extensibility.html#modifierExtension).","","","","","","","",,,,,"",,,,"BackboneElement.modifierExtension",0,*,"","ele-1:All FHIR elements must have a @value or children {hasValue() or (children().count() > id.count())}
ext-1:Must have either extensions or value[x], not both {extension.exists() != value.exists()}"
"TradeItem","TradeItem.associatedProduct.product","TradeItem.associatedProduct.product","","","",1,1,"","","","Reference {[]} {[]}
","The generic product characteristics","The generic product characteristics","","","","","","","","","",,,,,"",,,,"TradeItem.associatedProduct.product",1,1,"",""
"TradeItem","TradeItem.associatedProduct.relationship","TradeItem.associatedProduct.relationship","","","",1,*,"","","","Coding {[]} {[]}
","Relationship","The relationship of the the product to the refereneced product","","","","","","","","","",,"extensible","","http://smart.who.int/pcmt/ValueSet/ProductRelationship","",,,,"TradeItem.associatedProduct.relationship",1,*,"",""
"TradeItem","TradeItem.associatedProduct.quantity","TradeItem.associatedProduct.quantity","","","",1,1,"","","","Quantity {[]} {[]}
","how many units of use of the generic product are in the product","how many units of use of the generic product are in the product","","","","","","","","","",,,,,"",,,,"TradeItem.associatedProduct.quantity",1,1,"",""
